Итого, €;;;;;;;;;;;;;;
Производ.;Art Nr.;Type Nr.;Наименование;Модель;Упак.;OE Nr.;Заявка;Цена, €;Остаток тов.;Ожид. приход;;;;
ALCO (Germany);FF-0008;;Фильтр топливный WK 42/7  ;MMC Colt 1.2-1.5 (86-96), Galant 1.6-2.0 (84-96), L300 1.6, 2.0 (83-06), Lancer 1.3-1.8 (85-92);100;MB433774;;0,72;1;0;;;;
ALCO (Germany);FF-0011;;Фильтр топливный WK 42/5  ;DAIHATSU Charmant 1.6 (-->87)TOYOTA Land Cruiser 2.4 (84-89)TOYOTA Camry, Carina II 1.6-1.8 Celica, Corolla (-->89);350;23300-15010;;0,75;19;0;;;;
ALCO (Germany);FF-0027;;Фильтр топливный WK 47  ;NISSAN Primera 90-98, Sunny 86-95;120;1640059A00;;1,46;7;0;;;;
ALCO (Germany);FF-0038;;Фильтр топливный   ;TOYOTA RAV-4 1.8-2.0 (00-0X). YARIS 1.0-1.3 (99-0X).;1;23300-23030;;14,51;15;0;;;;
ALCO (Germany);FF-0040;;Фильтр топливный   ;TOYOTA AVENSIS 2.0 (01-0X). RAV-4 2.0 (00-0X). Caldina 2.0 (05-0X).;1;23300-28040;;13,45;3;0;;;;
ALCO (Germany);FF-0044;;Фильтр топливный устанавливается в топливном баке SCT Nr =ST-398 ;NISSAN Maxima QX A33 2.0-3.0 (00-0X);1;16400-4M500;;10,4;3;0;;;;
ALCO (Germany);FF-0052;;Фильтр топливный   ;MMC Pajero 3.0 V6 (00-0X);1;MR526974;;16,62;2;0;;;;
ALCO (Germany);MD-0049;;Фильтр масляный H 1081  ;RENAULT  G 280.13    91 - 96  (груз);1;004307426;;3,78;3;0;;;;
ALCO (Germany);MD-0081;;Фильтр масляный H 925/3x SCT Nr =SH-426 ;BMW E36 316-328 (95-98), E46 320-330 (98-05), E39 520-530 (95-03), E60 520-530 (03-06), E38 728-740d (95-01), E65/66 730-740d (02-06), E83 X30 2.5-3.0 (04-06), E53 X5 3.0 (00-06), Z4 2.2-3.0 (03-06);24;11 42 7 512 300;;3,62;31;0;;;;
ALCO (Germany);MD-0105/1;;Фильтр топливный BF 811, BF 900 x  SCT = SL 602  ;MB MK 1222 - 2534   88 - 96, NEOPLAN 96 ->  (груз);18;1168407;;2,45;4;0;;;;
ALCO (Germany);MD-0141/1;;Фильтр топливный BF 700 x  SCT Nr =SL 601  ;MB LK/LN2 1114-1524, MK 1224-1717 (84-98) 206D, 306D, 406D, 508DG, 609D, 709D, 809D, 811D (77-94) (груз);24;000 090 11 51;;2,57;7;0;;;;
ALCO (Germany);MD-0148;;Фильтр воздушный C 24 135 SCT Nr =SB-924 ;MMC Pajero 2.5 TD (82-00), Galant 2.3 TD (80-84);1;MD 603384;;6,74;4;0;;;;
ALCO (Germany);MD-0185;;Фильтр масляный H 1275x, H 1275  ;MAN, MB LK/ LN2 1117 A (87-98), MK1222, 1417, 1420, 1717, 1722, 1820, 2422, 1219 (89-96),  (груз);12;001 184 02 25;;5,76;11;0;;;;
ALCO (Germany);MD-0219;;Фильтр масляный H 1282x  ;MAN, MB LK/LN2 1217 KO 94 - 98  (груз);1;000 184 21 45;;3,92;11;0;;;;
ALCO (Germany);MD-0236;;Фильтр воздушный C 16 136  ;"Isuzu Midi 2.0, 2.2D (89-96); Toyota Land Cruiser J70 2,4D (84-96)";1;16546-T3400;;7,88;1;0;;;;
ALCO (Germany);MD-0238;;Фильтр воздушный C 24 650/1  SCT = SB 023  ;MB ACTROS 1848 K(97- 2) ACTROS 1853,1853 L(96- 2) ACTROS 1857 L(97- 2) ACTROS 1848 S,1848 LS(96- 2) ACTROS 1848 AK(97- 2) ACTROS 1853 S,1853 LS(96- 2) ACTROS 1857 LS(97- 2) ACTROS 2548,2548 L(96- 2) ACTROS 2553,2553 L(96- 2) ACTROS 2557 L(96- 2) ACTROS 26;1;"1901779; 001 094 79 04";;22,33;1;0;;;;
ALCO (Germany);MD-0259;;Фильтр масляный H 1076x  ;MB (груз);32;001 184 56 25;;4,01;11;0;;;;
ALCO (Germany);MD-0267;;Фильтр топливный WK 880 SCT Nr =ST-317 ;FORD Transit 2.5D (91-00);10;5020307;;6,46;1;0;;;;
ALCO (Germany);MD-0269;;Фильтр масляный H 973 x  ;BMW 5 E34 524TD 88 - 95;32;11 42 9 064 276;;4,28;1;0;;;;
ALCO (Germany);MD-0271;;Фильтр масляный H 926/3 x SCT Nr =SH-409 ;BMW E36 320-325 (90-95), E34 520-525 (89-95),  Z3 3.2 (01-04);24;11 42 1 711 568;;2,18;6;0;;;;
ALCO (Germany);MD-0273B;;Фильтр масляный H 947/1z  ;MB  MK 1224 - 2534 AF (93-96), SK 1729-3538  (груз);12;441 180 00 09;;3,35;3;0;;;;
ALCO (Germany);MD-0281;;Фильтр масляный H 727/1x, HU 727/1x SCT Nr =SH-414 ;MB W124 (M104/112), W140 (M104)MB W210 2.0 - 3.2   95 - 02, W202 (M104/111) C 180- 280     93 - 00;24;104 180 01 09;;3,1;1;0;;;;
ALCO (Germany);MD-0283;;Фильтр масляный H 829/1 x SCT Nr =SH-429 ;MB W124 (M119) 4.2, W210 (M119) 4.2, W140   4.0, 5.0   91 - 98;189;119 180 00 09;;3,85;6;0;;;;
ALCO (Germany);MD-0285;;Фильтр масляный H 951 x  ;MB W202 2.0D,2.5D 93 - 00, W210 (OM602/604/605) 2.0 - 3.0    93 - 02;38;602 180 00 09;;4,48;49;0;;;;
ALCO (Germany);MD-0305;;Фильтр масляный H 736x, U 736 x  ;MB W140 (M120) 600 SE, SEL 91 - 99;24;120 180 00 09;;3,58;1;0;;;;
ALCO (Germany);MD-0315;;Фильтр топливный P 609  ;MAN, FIAT, MB, URSUS, CLAAS, Neoplan Cityliner (04-06), Volvo 9700 (01-06) (груз);24;"81 12503 0039; 000 835 26 47";;2,34;23;0;;;;
ALCO (Germany);MD-0339;MD-0283;Фильтр масляный HU 718/1n  ;OPEL Astra G 2.0 DI  98 ->, Omega, Vectra 2.0 DI 96 - 02;24;5650 319;;1,96;154;0;;;;
ALCO (Germany);MD-0345;;Фильтр масляный HU 848/1x  ;BMW E36 325td/tds (96-98), E39 525td/tds (96-03), E34 Touring 525td/tds (96-97), E38 725tds (96-01). LAND ROVER Range Rover 2.5D (94-02). OPEL Omega 2.5TD (94-01);12;11 42 2 246 131;;3,03;6;0;;;;
ALCO (Germany);MD-0347;;Фильтр масляный HU 938/3x, HU 938/4x SCT Nr =SH-430 ;"BMW E34 530-540 (93-97), E39 535-540 (95-98), E38 730-740 (94-98), E31 840 (89-98), X5 4.4 (99-02), Z8; RANGE ROVER 4.4 (02-->)";10;11 42 7 510 717;;4,07;4;0;;;;
ALCO (Germany);MD-0351;;Фильтр масляный HU 610 x  ;MB A Class A140, 160, 190 (97-->);24;166 180 00 09;;2,92;18;0;;;;
ALCO (Germany);MD-0353;;Фильтр масляный H 932/6 n, HU 932/6 n SCT = SH 427 ;AUDI A8 3.7-S8 (98-02). FORD Galaxy 2.8 (95-00). JEEP Grand Cherokee 3.1TD (01-06). PORSCHE Cayenne 3.2 (03-06). VW Golf III 2.8-2.9 (96-97), Multivan 3.2 (03-06), Passat 2.3-4.0 (96-05), Phaeton 3.2 (02-06), Sharan 2.8 (96-00), Touareg 3.2 (02-06), Trans;24;021 115 562A;;3,86;19;0;;;;
ALCO (Germany);MD-0354;;Фильтр воздушный C 17 201/3 SCT Nr =SB-256 ;VW Transporter IV (90-03);1;044 129 620;;6,21;3;0;;;;
ALCO (Germany);MD-0355;;Фильтр масляный HU 726/1 x SCT = SB 048 ;AUDI A3 1.9TDI (96-06), A4 1.9TDI (00-06), A6 1.9TDI (97-04). FORD Galaxy 1.9TDI (00-06). SEAT Alhambra 1.9TDI (00-06), Cordoba 1.9SDI/TDI (99-02), Ibiza 1.9TDI (99-02), Toledo 1.9TDI (99-04). SKODA Octavia 1.9TDI (97-06), SuperB 1.9TDI (02-06). VW Golf I;24;038 115 466;;3,38;19;0;;;;
ALCO (Germany);MD-0357;;Фильтр масляный HU 819 x  ;VOLVO C70, S40/60/70/80, V40/70 (95-01);10;"12758116; 1275810; 1275811";;3,74;7;0;;;;
ALCO (Germany);MD-0359;;Фильтр масляный HU 947/2x  ;MAN  F 2000 19.233 FCNG 96 ->  (груз);12;51055040096;;5,14;14;0;;;;
ALCO (Germany);MD-0365;;Фильтр топливный P 716 / ST 769  ;"CITROEN Berlingo 1.8-1.9D (96-XX), Evasion 1.9-2.0TD (94-02), Jumper 1.9TD (94-02), Jumpy 1.9TD (95-XX), Xanita 1.9D/SD/TD (94-03), Xsara 1.8-1.9D/SD/TD (97-00); FIAT Scudo 1.9D/TD (96-XX), Ulysse 1.9-2.1TD (95-02); HYUNDAI Lantra II 1.9D (92-XX); PEUGEOT";24;"1906.43; 9609896480; 31906-29001; 1906.64";;4,56;9;0;;;;
ALCO (Germany);MD-0382;;Фильтр воздушный C 23 440/3  ;DAF, MAN M 90   88 - 96, MB  MK 1224- 2420  87 - 96 (груз);1;112294;;18,72;2;0;;;;
ALCO (Germany);MD-0383;(без поролона);Фильтр топливный PU 999/1x  ;MB Actros 1996 1831 - 2003 2658 LS, AK (97-->) (груз);1;541 090 00 51;;8,91;23;0;;;;
ALCO (Germany);MD-0393;;Фильтр топливный PU 922 x SC 7038 P ;"CITROEN Berlingo 2.0HDI (99-XX), C5 2.0-2.2HDI (01-04), Evasion 2.0HDI (99-02), Xanita 2.0HDI (99-03), Xsara 2.0HDI (99-05); FIAT Scudo 2.0JTD (99-XX), Ulysse 2.0D/JTD (99-XX); PEUGEOT 206 2.0HDI (99-XX), 306 2.0HDI (99-02), 406 2.0HDI (98-04), 806 2.0HDI";24;1906-51;;3,04;3;0;;;;
ALCO (Germany);MD-0401;;Фильтр масляный HU 819/1 x  ;NISSAN Almera 2.2Di (00-0X), Primera 2.2 Dci (03-0X), X-Trail 2.2 Di (01-0X);24;15208-5M300;;3,2;10;0;;;;
ALCO (Germany);MD-0419;;Фильтр масляный HU 12 140x  ;MB ACTROS 1996 1831 - 2003 2658 LS  AK 97 -> (груз);1;457 184 00 25;;7,83;6;0;;;;
ALCO (Germany);MD-0423;;Фильтр масляный HU 820x SCT = SH 4788 ;AUDI A8 3.7-S8 (98-02). FORD Galaxy 2.8 (95-00). JEEP Grand Cherokee 3.1TD (01-06). PORSCHE Cayenne 3.2 (03-06). VW Golf III 2.8-2.9 (96-97), Multivan 3.2 (03-06), Passat 2.3-4.0 (96-05), Phaeton 3.2 (02-06), Sharan 2.8 (96-00), Touareg 3.2 (02-06), Trans;24;650300;;3,67;2;0;;;;
ALCO (Germany);MD-0425;;Фильтр масляный HU 612x  ;PEUGEOT 206, 307 1.4, 1.6 (00-06), CITROEN Xsara 1.6 (00-06), C2, C3 1.1, 1.4, 1.6 (02-06);24;1109-R6;;2,85;1;0;;;;
ALCO (Germany);MD-0435;;Фильтр масляный HU 920 x  ;"FORD Mondeo III 2.0, 2.2 (11.00-->), Transit (08.00-->); JAGUAR X-Type 2.0D (07.03-->)";36;"1088 179; JDE 2464";;3,41;18;0;;;;
ALCO (Germany);MD-0441;;Фильтр масляный HU 721/2x  ;MB 2.8 / 3.2 CDI (99-0X);24;613 180 00 09;;3,12;37;0;;;;
ALCO (Germany);MD-0449;;Фильтр масляный HU 68x  ;MCC SMART Cabrio 0.6-0.8CDI (00-04), City Coupe 0.6-0.8CDI (98-04), Roadster 0.7 (03-06);24;00 3041V003;;2,37;2;0;;;;
ALCO (Germany);MD-0464K;;Фильтр воздушный SB 3146  ;"MMC Canter 3.3-4.2D/TD (82-XX); MAZDA Titan (95-XX)";1;"MB120476; V101-13-Z40";;12,53;1;0;;;;
ALCO (Germany);MD-0471;;Фильтр масляный HU 721/3 x  ;MAYBACH 5.5-6.0 (02-0X). MB W220 600 (02-05). W221 600 (05-0X). W215 600 (02-06). W216 600 (06-0X). SL R230 600 (03-0X).;24;275 180 00 09;;3,38;1;0;;;;
ALCO (Germany);MD-0473;;Фильтр масляный HU 945/2x  ;MB ATEGO I 823-2628 (98-04) ATEGO2 823-1529 (04-0X). AXSOR 1823-3228 (02-0X). CITARO O530 (98-0X). CONECTO O345 (01-0X). ECONIC 1823 / 2628 (98-0X). TOURINO O510 (03-0X). UNIMOG U400 / U500 (00-0X). SETRA ComfortClassic 400 S 415 (03-0X). (груз);12;000 180 17 09;;4,97;3;0;;;;
ALCO (Germany);MD-0485;;Фильтр масляный 5,22  ;MB LK, T2 (груз, автобусы) (84-98);12;366 180 06 09;;3,9;1;0;;;;
ALCO (Germany);MD-0486;;Фильтр воздушный C 28 715  ;MB LP LPS 911 B (67-77), LK/LN2 817, 817 L (84-98), LK/LN2 817 K (86-98), LK/LN2 817 S, 817 LS (84-98), LK/LN2 817 F (84-98), LK/LN2 817 O, 817 LO (84-98), LK/LN2 917 (94-98), LK/LN2 917 K (94-98), LK/LN2 917 AF (87-98), LK/LN2 1117, 1117 L (84-98), LK/LN;1;"001 094 93 04; 013 094 15 02";;24,21;2;0;;;;
ALCO (Germany);MD-0487;;Фильтр топливный PU855X  ;MAN TGA 18.410 FLS,18.410 FLLS(0- 0) TGA 26.410 FNLC,26.410 FNLLC,26.410 FNLLW(0- 0) TGA 18.460 FLC,18.460 FLLC(0- 0) TGA 18.460 FLS,18.460 FLLS(0- 0) TGA 26.460 FNLC,26.460 FNLLC,26.460 FNLLW(0- 0) TGA 18.310 FC,18.310 FLC.18.310 FLLC,18.310 FLLW(0- 0) T;32;51.125.030.042;;8,3;31;0;;;;
ALCO (Germany);MD-0493;;Фильтр топливный PU 830 x SC 7030 P ;"CITROEN Berlingo 2.0HDI (99-XX), C5 2.0-2.2HDI (01-04), Evasion 2.0HDI (99-02), Xanita 2.0HDI (99-03), Xsara 2.0HDI (99-05); FIAT Scudo 2.0JTD (99-XX), Ulysse 2.0D/JTD (99-XX); PEUGEOT 206 2.0HDI (99-XX), 306 2.0HDI (99-02), 406 2.0HDI (98-04), 806 2.0HDI";10;1906-76;;4,28;3;0;;;;
ALCO (Germany);MD-0494;;Фильтр воздушный C 17 201  ;VW Transporter lV 1.8-2.5  (90-95);1;044 129 620A;;7,17;4;0;;;;
ALCO (Germany);MD-0495;;Фильтр масляный H 736x, U 736 x  ;MB W140 (M120) 600 SE, SEL 91 - 99;24;120 180 00 09;;3,57;1;0;;;;
ALCO (Germany);MD-0503;;Фильтр масляный   ;MINI Cooper /S 1.6 (01-0X);10;11 42 7 512 446;;2,62;1;0;;;;
ALCO (Germany);MD-0505;;Фильтр масляный HU 715/5 x  ;BMW E60 545 (03-0X). E65/66 735-745 (01-0X). E53 X5 4.4-4.8 (03-0X).;24;11 42 7 506 677;;4,21;1;0;;;;
ALCO (Germany);MD-0525;;Фильтр масляный HU 711/51 x   ;CITROEN Berlingo, C2, C3, C4, C5, C8, C-Crosser, Jumper, Jumpy, Nemo, Xsara. FIAT Ducato, Fiorino, Scudo, Ulysse. FORD C-Max, Focus C-Max, Focus II, Galaxy;24;11427557012;;3,38;3;0;;;;
ALCO (Germany);MD-0527;;Фильтр топливный PU 966 x  ;DAF XF 95 FT 95.380(2- 0) XF 95 FTG 95.380(2- 0) XF 95 FA 95.430(2- 0) XF 95 FT 315(2- 0) XF 95 FA 95.480(2- 0) XF 95 FT 355(2- 0) XF 95 FA 95.530(2- 0) XF 95 FT 95.530(2- 0) CF 75 FA 75.250(1- 0) CF 75 FAR 75.250(1- 0) CF 75 FAG 75.250, FAN 75.250(1- 0) ;6;1450184;;10,92;36;0;;;;
ALCO (Germany);MD-0535;;Фильтр масляный HU 712/6 x SCT = SH 4025 P ;"Audi A3 1.6FSi  (03-0X); VW Golf V 1.6FSi  (05-0X); Jetta III 1.6FSi  (05-0X); VW Passat (3C5) 1.6FSi  (05-0X)";24;03C 115 562;;3,61;1;0;;;;
ALCO (Germany);MD-0541;;Фильтр масляный HU 1297 x  ;DAF XF 95 FT 95.380(2- 0) XF 95 FTG 95.380(2- 0) XF 95 FA 95.430(2- 0) XF 95 FT 315(2- 0) XF 95 FA 95.480(2- 0) XF 95 FT 355(2- 0) XF 95 FA 95.530(2- 0) XF 95 FT 95.530(2- 0) CF 75 FA 75.250(1- 0) CF 75 FAR 75.250(1- 0) CF 75 FAG 75.250, FAN 75.250(1- 0) ;1;1397765;;8,86;46;0;;;;
ALCO (Germany);MD-0543;;Фильтр масляный HU 514 x  ;"MB (W203) C180 kompr., C200CGi kompr., C200-230 kompr.  (02-0X); (W211) E200 kompr., E200CGi  (02-0X)";10;271 180 0009;;3,2;14;0;;;;
ALCO (Germany);MD-0549;;Фильтр масляный HU 718/6 x  ;HONDA Accord VIII 2.2i CTDi (04-XX), CR-V II 2.2 CTDi (05-06), FR-V 2.2i CTDi (05-XX);1;15430-RBD-E01;;2,8;5;0;;;;
ALCO (Germany);MD-0557;;Фильтр масляный HU615/3x  ;MERCE B-CLASS (5- 0);24;6401800009;;3,71;4;0;;;;
ALCO (Germany);MD-0559;;Фильтр масляный   ;BMW E81/87 125-130 (05-0X). E90/91/92/93 325-335xi (05-0X). E60/61 523-530 (05-0X). E63/64 630 (04-0X). E65/66 730 (05-08). F01/02 740 (08-0X). E83 X3 2.5si-3.0si (06-0X). E70 X5 3.0si (07-0X). E71 X6 35iX (08-0X). E85 Z4 2.5-3.0 (06-09);24;11 42 7 541 827;;3;22;0;;;;
ALCO (Germany);MD-0563;;Фильтр топливный PU 1018 x  ;CITROEN, PEUGEOT, FORD, VOLVO 2.0 HDi (04-0X);24;1318563;;6,5;1;0;;;;
ALCO (Germany);MD-0565;;Фильтр масляный   ;HYUNDAI Accent (02-09). Getz (03-10);24;26320-27100;;3,82;3;0;;;;
ALCO (Germany);MD-0587;;Фильтр масляный HU824X  ;HYUNDAI Grandeur (05-1X), SONATA V 3,3 (05-1X), KIA Sorento 3,3 V6 (06-1X);24;26320-3C100;;4,03;3;0;;;;
ALCO (Germany);MD-0593;;Фильтр топливный   ;TOYOTA Hilux III 2.5D-3.0D (05-XX);50;23390-0L010;;3,96;3;0;;;;
ALCO (Germany);MD-0599;НОВИНКА;Топливный фильтр   ;Scania Serie 4 LKW, Serie 4 Bus, Serie P/G/R/T LKW, Serie F/K/N Bus (груз);12;1 873 018;;9,72;12;0;;;;
ALCO (Germany);MD-0605;;Фильтр масляный HU 612/1 x  ;MB W169 A150-200 (04-XX), W245 B150-200 (05-XX);10;266 180 00 09;;2,72;8;0;;;;
ALCO (Germany);MD-0607;;Фильтр топливный   ;MINI Cooper, Cooper S, One, One D 1.6 (01-XX);12;1614 6 757 196;;3,88;1;0;;;;
ALCO (Germany);MD-0609;;Фильтр топливный PU 1059 x  ;MAN TGA 18.310-41.480 (04-0X). (груз);12;51.12503-0063;;14,58;3;0;;;;
ALCO (Germany);MD-0611;;Фильтр масляный HU 934/1 x  ;CITROEN C6 2.7HDI (05-0X). JAGUAR S-Type 2.7D (04-0X), XJ 2.7D (05-0X). LAND ROVER Discovery lll 2.7TD (04-0X). RANGE ROVER Sport 2.7TDVM (05-0X). PEUGEOT 407 2.7HDI (05-0X), 607 2.0HDI (04-0X);1;1311289;;10,47;2;0;;;;
ALCO (Germany);MD-0619;;Фильтр маслянный   ;OPEL Vectra C 1.8 (06-0X);24;5650359;;3,34;2;0;;;;
ALCO (Germany);MD-0629;;Фильтр топливный   ;VW Crafter 30-35, 30-50 2.5TDI (06-XX);1;2E0 127 159;;4,31;1;0;;;;
ALCO (Germany);MD-0639;;Фильтр топливный   ;TOYOTA Land Cruiser 200 (08-0X);50;23390-51020;;4,34;18;0;;;;
ALCO (Germany);MD-0643;;Фильтр масляный SCT=SH 4031 P  ;TOYOTA LEXUS RX 300-350 (03-0X). RAV-4 3.5 (05-0X).;24;04152-31090;;3,72;15;0;;;;
ALCO (Germany);MD-0652;;Фильтр воздушный C 13 103/1 SCT Nr =SB-014 ;NISSAN Terrano II 2.7TD (89-02);1;16546-80G00;;5,54;5;0;;;;
ALCO (Germany);MD-0660;;Фильтр воздушный C 33 1305  ;MB LK/LN2 817 K(86- 98) LK/LN2 817 S,817 LS(84- 98) LK/LN2 817 F(84- 98) LK/LN2 817 O,817 LO(84- 98) LK/LN2 917(94- 98) LK/LN2 917 K(94- 98) LK/LN2 917 AF(87- 98) LK/LN2 1117,1117 L(84- 98) LK/LN2 1117 K(84- 98) LK/LN2 1117 S,1117 LS(84- 98) LK/LN2 1117 A;1;002 094 24 04;;51,8;1;0;;;;
ALCO (Germany);MD-0662;;Фильтр воздушный C 30 703  ;DAF 85 400 95->98. 95 310-430 87-.98. F2900-3200 90->93. MAN EL262 98->.  Scania 113 320-400  88->96. 143 420-500 88->96 93 220-280 88->96.(груз);1;395 773;;29,56;1;0;;;;
ALCO (Germany);MD-0677;;Фильтр масляный   ;BMW X5 E70 (10-1X), X6 E71 (10-1X), F10 530d (10-1X), F08 (09-1X) 3.0D-4.0D;1;11427808443;;6,9;7;0;;;;
ALCO (Germany);MD-0679;;Фильтр масляный SH 4049 P  ;"AUDI A1 1.6-2.0TDI (10-XX), A3 1.6-2.0TDI (03-XX), A4 2.0TDI (07-XX), A5 2.0TDI (11-XX), A6 2.0TDI (11-XX), Q3 2.0TDI (11-XX), Q5 2.0TDI (08-XX), TT 2.0TDI (08-XX); VW Amarok 2.0TDI (10-XX), Caddy III 1.6-2.0TDI (10-XX), Crafter 30-35/30-50 2.0TDI (11-XX)";1;03L 115 466;;3,15;18;0;;;;
ALCO (Germany);MD-0686;;Фильтр воздушный C 17 217  SCT = SB 567  ;MB G Class 230GE W463 (93-->);1;002 094 35 04;;8,27;2;0;;;;
ALCO (Germany);MD-0734;;Фильтр воздушный C 14 176  SCT = SB 576  ;FORD Maverick 2.7TD (96-98), NISSAN Terrano 2.7TD (96-06);1;16546-7F000;;6,36;3;0;;;;
ALCO (Germany);MD-5050;;Фильтр воздушный C 29 200  ;MB W124 E300TD (88-96);1;603 094 02 04;;11,27;2;0;;;;
ALCO (Germany);MD-5066;;Фильтр воздушный C 12 102 SCT = SB 286  ;SAAB 9000 2.0, 2.3, 3.0 88 - 98;1;9390907;;5,1;1;0;;;;
ALCO (Germany);MD-5100;;Фильтр воздушный  SCT Nr =SB-3179 ;TOYOTA HILUX 2.4-3.0D (97-0X);1;17801-54170;;8,12;1;0;;;;
ALCO (Germany);MD-5110;;Фильтр воздушный  SCT Nr =SB-968 ;ISUZU Trooper 3.0 DTI (00-0X), NISSAN Safari 4.2D (93-0X), OPEL Monterey 3.0 DTI (98-99);1;16546-51N01;;6,22;5;0;;;;
ALCO (Germany);MD-5136;;Фильтр воздушный   ;TOYOTA HILUX 2.4TD (98-02);1;17801-54180;;6,89;2;0;;;;
ALCO (Germany);MD-5154;;Фильтр воздушный C 1381 SCT = SB 522  ;MB A Class A140 W168 1.4-1.9 (97-->);1;166 094 00 04;;4,89;8;0;;;;
ALCO (Germany);MD-5224;;Фильтр воздушный C 11 120  SCT = SB 2097  ;MB W168 A 160 CDI (98-->);1;668 094 00 04;;9,03;2;0;;;;
ALCO (Germany);MD-5226;;Фильтр воздушный C 14 130/1 SCT = SB 2138 ;"VW Golf V  1.6, 2.0FSi, SDi  (04-0X); Jetta III  1.6, 2.0FSi  (05-0X); Passat (3C5) 1.6, 2.0FSi  (05-0X)";1;1K0129620C;;8,12;5;0;;;;
ALCO (Germany);MD-5244;;Фильтр воздушный C 17 137/1 x SCT = SB 2136 ;AUDI A6  2.4, 3.2 FSI (04-0X);1;4F0 133 843;;9,52;2;0;;;;
ALCO (Germany);MD-5268;;Фильтр воздушный C 18 161  ;RANGE ROVER III 4.4 (02-07);1;13717501239;;17,24;7;0;;;;
ALCO (Germany);MD-5300;;Фильтр воздушный C 17 137 x  ;AUDI A6 2.7 TDI, 3.0 TDI (04-0X);1;059 133 843 B;;7,47;2;0;;;;
ALCO (Germany);MD-5312;НОВИНКА;Фильтр воздушный   ;ALFA ROMEO 159 1.8-3.2 (05-11), Brera 2.2-3.2 (06-XX), Spider 2.2-3.2 (06-XX);;55183562;;9;1;0;;;;
ALCO (Germany);MD-7036;;Фильтр воздушный C 33 920/3  ;"MAN; Iveco EuroTrakker, Trakker (94-06) (груз)";1;2991793, 81.08304.0061;;36,35;1;0;;;;
ALCO (Germany);MD-7042;;Фильтр воздушный C 24 393  SCT = SB 968  ;IVECO EuroCargo 65 E 10(91- 96) EuroCargo 65 E 10 K(91- 96) EuroCargo 60 E 12(91- 96) EuroCargo 65 E 12(91- 96) EuroCargo 65 E 12 K(91- 96) EuroCargo 75 E 12(91- 96) EuroCargo 75 E 12 K(97- 96) EuroCargo 60 E 14(91- 96) EuroCargo 60 E 14 K(91- 96) EuroCar;1;190 5983;;15,76;2;0;;;;
ALCO (Germany);MD-7054;;Фильтр воздушный C 33 1840  ;MB SK 1844,1844 L(87- 96) SK 1844 S,1844 LS(87- 96) SK 2044(92- 96) SK 2044 S(92- 96) SK 2544,2544 L(87- 96) SK 2544 S(92- 96) SK 2644, 2644 L(92- 96) SK 2644 S(92- 96) SK 1850,1850 L(87- 96) SK 1850 S,1850 LS(87- 96) SK 1853,1853 L(87- 96) SK 1853 S,1853;1;003 094 70 04;;50,67;9;0;;;;
ALCO (Germany);MD-7082;;Фильтр воздушный   ;VOLVO FL 12 FL 12/420(95- 98) FL 12 FL 12H/380(95- 98) FL 12 FL 12H/420(95- 98) F 10 F 10/320(90- 94) F 12 F 12/360(91- 94) F 12 F 12/400(90- 94) F 12 F 12/400,F 12/410(90- 94) (груз);1;1080918;;70,09;6;0;;;;
ALCO (Germany);MD-7112;;Фильтр воздушный C 33 1600/1  ;IVECO EuroStar, EuroTrakker, Stralis 93-03 (груз);1;190 7695;;38,58;2;0;;;;
ALCO (Germany);MD-7120;;Фильтр воздушный C 30 1353  ;MAN F2000 19.233-41.463 94->. F90 19.342-41.402 94->96.(груз);1;81.08304.0083;;25,6;10;0;;;;
ALCO (Germany);MD-7386K;;Фильтр воздушный   ;JCB (BAMFORD), CASE IH (груз.);1;32/905301;;15,38;1;0;;;;
ALCO (Germany);MD-7472;;Фильтр воздушный C 17 124  ;RENAULT MAGNUM AE385-560 (92-0X). (груз);1;5 010 094 145;;13,77;2;0;;;;
ALCO (Germany);MD-7536;;Фильтр воздушный 33  ;MAN NG 262,263, 312, 313 98-06 (автобус-груз.);1;81.08304.0093;;19,22;2;0;;;;
ALCO (Germany);MD-7546;;Фильтр воздушный C 29 1219/1  ;MB ACTROS 1831-4148 (96-02) (груз);1;004 094 02 04;;37,12;1;0;;;;
ALCO (Germany);MD-7556;;Фильтр воздушный C 1652  ;AUDI A8 3.0-4.2TDI (02-06);1;4E0 129 620;;5,79;4;0;;;;
ALCO (Germany);MD-7564;;Фильтр воздушный C 42 1729  ;MB ACTROS 1996 1831-4148 (96-03), ATEGO II 1823-2628 (98-04), AXOR 1835-2543 (02-06) (груз);1;003 094 91 04;;34,66;4;0;;;;
ALCO (Germany);MD-7568;;Фильтр воздушный для холодильной установки  ;Carrier холодильная установка;6;106-3969;;7,71;2;0;;;;
ALCO (Germany);MD-7570;;Фильтр воздушный C 31 1254  ;Scania 124 360-470 96->. 144 460 96->. PP270/380 04->. RR340-470 04->.(груз);1;138 7549;;32,55;1;0;;;;
ALCO (Germany);MD-7576;;Фильтр воздушный C 32 1752  ;RENAULT KERAX 260.18-420.34 (97-01). PREMIUM 270.18-400.18 (00-0X). (груз);1;5010230916;;29,39;3;0;;;;
ALCO (Germany);MD-7578;;Фильтр воздушный C 29 1366/1  ;DAF 95 380-480 97->02. (груз);1;1353115;;33,47;13;0;;;;
ALCO (Germany);MD-7598;;Фильтр воздушный C 29 1410  ;DAF 95 380-480 97->02. (груз);1;1295090;;33,58;4;0;;;;
ALCO (Germany);MD-7658;;Фильтр воздушный C 41 1776  ;MB ACTROS MP2 1832-5048 (03-0X). AXOR 1835-2543 (02-0X). (груз);1;004 094 24 04;;75,05;3;0;;;;
ALCO (Germany);MD-8000;;Фильтр воздушный C 47 109  ;MB C200 Kompressor W203 (00-->);38;111 094 02 04;;4,69;10;0;;;;
ALCO (Germany);MD-8002;;Фильтр воздушный C 52 107  ;MB W203, 1.8, M111.951 (00-02);63;111 094 03 04;;5,19;5;0;;;;
ALCO (Germany);MD-8006;;Фильтр воздушный   ;Hyundai Getz (02-0X);59;28113-1C000;;3,47;1;0;;;;
ALCO (Germany);MD-8008;;Фильтр воздушный   ;HONDA Jazz II, Fit 1.2-1.5 (02-08);96;17220-PWA-003;;6,24;8;0;;;;
ALCO (Germany);MD-8020;;Фильтр воздушный C 2851  ;MINI Cooper, Cooper S, One, One D 1.6 (01-XX);60;13 72 1 491 749;;2,6;1;0;;;;
ALCO (Germany);MD-8022;;Фильтр воздушный C 30 189  ;VOLVO S60 2.0T-2.5T (00-0X). S80 2.0T-2.4D (99-06). V70 2.3T5-2.5TDI (00-0X).;42;9454647;;4,65;1;0;;;;
ALCO (Germany);MD-8032;;Фильтр воздушный C 24 100  ;CHRYSLER Voyager III 2.4, 2.5 CRD, 3.3, 3.8 (00-06);72;04861480 AA;;4,03;4;0;;;;
ALCO (Germany);MD-8034;;Фильтр воздушный C 3575  ;SKODA Fabia, VW Polo 1.2 (02-06);30;03D 129 620;;3,7;1;0;;;;
ALCO (Germany);MD-8050;;Фильтр воздушный C 2295/2  SCT = SB 2018  ;SKODA Fabia 1.0 (99-02), 1.4 (99-06), VW Fox 1.4 TDI (05-06);40;6Y0 129 620;;3,95;1;0;;;;
ALCO (Germany);MD-8052;НОВИНКА;Фильтр воздушный C 30 130/1  ;OPEL Astra G 1.7-2.0CDTI/DTI/DI (98-05);42;5835126;;4,92;3;0;;;;
ALCO (Germany);MD-8056;;Фильтр воздушный C 2681  ;CHRYSLER PT Cruiser 1.6-2.4 (00-XX);55;04891176AA;;4,02;7;0;;;;
ALCO (Germany);MD-8082;;Фильтр воздушный   ;HONDA Accord 2.0-2.4 (02-0X);54;17220-RAA-Y00;;6,96;2;0;;;;
ALCO (Germany);MD-8086;НОВИНКА;Фильтр воздушный   ;NISSAN Primera 1.9dCi (02-0X).;63;16546-AW300;;5,15;1;0;;;;
ALCO (Germany);MD-8088;;Фильтр воздушный   ;MAZDA RX8 2.6 (03-XX);30;N3H1-13-Z40;;9,37;1;0;;;;
ALCO (Germany);MD-8100;;Фильтр воздушный C 39 219 SCT = SB 2157 ;Audi Q7 3.0TDI/4.2FSI (06-07). Porsche Cayenne 3.2-4.5 (02-06). VW Touareg 2.5-6.0 (02-06).;20;7L0129620;;5,96;2;0;;;;
ALCO (Germany);MD-8104;;Фильтр воздушный C 29 105 SCT Nr =SB-085 ;BMW E38 750 (94-01) , E53 X5 3.0  (00-0X);40;13 72 1 702 907;;4,24;5;0;;;;
ALCO (Germany);MD-8106;;Фильтр воздушный   ;FORD, VOLVO V50 2.0 D (04-10);63;71;;5,21;1;0;;;;
ALCO (Germany);MD-8108;;Фильтр воздушный C 28 122  ;FORD FOCUS C-MAX 1.6(3- 0) FOCUS C-MAX 2.0(4- 0),VOLVO V50 1.8(4- 0),FORD FOCUS II 1.6 Ti(4- 0) FOCUS II 2.0(4- 0) FOCUS II 1.4(4- 0);40;3 M 519601 AA;;5,12;10;0;;;;
ALCO (Germany);MD-8118;;Фильтр воздушный C 14 114 SCT = SB 2148  ;"MB (W203) C180-200-230 kompressor, C200 CGi kompressor  (02-0X); (W211) E200CGi, 200 kompressor  (02-0X)";1;271 094 0204;;9,83;1;0;;;;
ALCO (Germany);MD-8124;;Фильтр воздушный C 3028 SCT Nr =SB-2107 ;DAEWOO Lacetti 1.4-1.8 (04-06) Nubira 1.6-1.8 (03-06);54;96553450;;5,68;4;0;;;;
ALCO (Germany);MD-8128;;Фильтр воздушный C 3033  ;KIA Sorento 2.5 CRDi, 3.5  (02-->);75;28113-3E000;;7,17;5;0;;;;
ALCO (Germany);MD-8130;;Фильтр воздушный C 2631 SB 2190 ;"HYUNDAI Tucson 2.0-2.7, 2.0CRDi (04-XX); KIA Sportage 2.0-2.7, 2.0CRDi (04-XX)";64;28113-08000;;6,24;3;0;;;;
ALCO (Germany);MD-8134;НОВИНКА;Воздушный фильтр   ;TOYOTA Avensis  2.0D-D4 (03-0X);53;17801-27020;;7,31;1;0;;;;
ALCO (Germany);MD-8144;;Фильтр воздушный SCT = SB 2195  ;HONDA Jazz 1.2-1.4 (02-0X);90;17220-PWA-J10;;5,24;3;0;;;;
ALCO (Germany);MD-8150;;Фильтр воздушный   ;TOYOTA LAND CRUISER J12 (03-0X);1;17801-31090;;6,46;3;0;;;;
ALCO (Germany);MD-8154;;Фильтр воздушный C 2287  ;MERCEDES A-Klasse (W169) A 150, A 170, A 200, A 200 Turbo;36;266 094 00 04;;3,2;3;0;;;;
ALCO (Germany);MD-8160;;Фильтр воздушный C 30 163  ;NISSAN Libero 2.5 dCi, Primastar dCi;16;4411279;;3,8;2;0;;;;
ALCO (Germany);MD-8170;;Фильтр воздушный  SCT Nr =SB-926 ;LEXUS GX470 (03-0X), LX470 (98-06). TOYOTA 4Runner 4.7 (03-0X), Land Cruiser 100 4.7 (98-06), Sequoia 4.7 (01-07). Tundra 3.4-4.7 (01-0X);43;17801-50040;;7,1;8;0;;;;
ALCO (Germany);MD-8172;;Фильтр воздушный   ;MERCE B-CLASS (5- 0);1;6400940204;;5,23;10;0;;;;
ALCO (Germany);MD-8188;НОВИНКА;Фильтр воздушный C 2330  SCT=SB 2152  ;SUZUKI GRAND VITARA 1.6-2.0 (05-0X).;70;13780-65J00;;5,07;5;0;;;;
ALCO (Germany);MD-8190;;Фильтр воздушный   ;Citroen | Peugeot (04-XX);48;;;4,28;1;0;;;;
ALCO (Germany);MD-8192;;Фильтр воздушный   ;HONDA Civic 1.8 (05-0X);74;17220-RNA-A00;;6,9;1;0;;;;
ALCO (Germany);MD-8194;НОВИНКА;Фильтр воздушный   ;"HYUNDAI Accent (MC) 1.4-1.6GL/GLS (05-XX); KIA Rio II (JB) 1.4-1.6 (05-XX)";64;28113-1G000;;4,76;2;0;;;;
ALCO (Germany);MD-8204;;Фильтр воздушный   ;DAEWOO Matiz (05-0X);110;96591485;;4,42;1;0;;;;
ALCO (Germany);MD-8212;;Фильтр воздушный C 2490  ;PEUGEOT 306 1.6 (00-01).;1;1444-V1;;3,38;1;0;;;;
ALCO (Germany);MD-8214;;Фильтр воздушный C 3270  ;JAGUAR S-Type 3.0-4.2 (99-XX);53;XR830418;;5,9;3;0;;;;
ALCO (Germany);MD-8216;;Фильтр воздушный C 2851  ;MINI Cooper, Cooper S, One, One D 1.6 (01-XX);91;13 72 1 491 749;;3,06;1;0;;;;
ALCO (Germany);MD-8228;;Фильтр воздушный C 2542  ;HYUNDAI Terracan 2.5 TD-3.5i (01-06);74;28113-H1915;;6,44;9;0;;;;
ALCO (Germany);MD-8232;;Фильтр воздушный   ;VOLVO XC 90 D5,T6,2.5T (02-0X), XC70 2.5T (02-0X);43;8638600;;8,28;7;0;;;;
ALCO (Germany);MD-8234;;Фильтр воздушный   ;MINI Cooper /S 1.6 (01-0X);1;13 72 1 477 840;;2,21;1;0;;;;
ALCO (Germany);MD-8236;;Фильтр воздушный C 38 116  ;JAGUAR X-Type Estate 2.5 (04-05).  X-Type Estate 3.0 (04-05);40;1X 43 9601 AA;;7,23;4;0;;;;
ALCO (Germany);MD-8238;;Фильтр воздушный   ;HONDA Civic 1.3 Hybrid (06-0X);90;17220-RMX-000;;7,71;2;0;;;;
ALCO (Germany);MD-8268;НОВИНКА;Фильтр воздушный SCT = SB 3249  ;TOYOTA Crown (03-0X). Yaris (00-05) LEXUS SC (04-07).;70;17801-50060;;7;10;0;;;;
ALCO (Germany);MD-8276;;Фильтр воздушный C 2433/1  ;NISSAN Qashqai 1.6/2.0/2.0 DCi (07-0X), X-Trail 2.0 16V/DCi (07-0X);1;16546-JD20A;;4,16;4;0;;;;
ALCO (Germany);MD-8282;;"Фильтр воздушный C 4312/1; SB 2167  ";"MB Sprinter 211CDI-213CDI, 311CDI-313CDI, 411CDI (00-06), 509CDI-518CDI (06-XX); VW Crafter 30-35, 30-50 2.5TDI (06-XX)";20;"000 090 26 51; 2E0 129 620 B";;8,03;25;0;;;;
ALCO (Germany);MD-8288;;Фильтр воздушный C 2420  ;NISSAN Micra 1.6 (05-XX), Note 1.6 (06-XX), Qashqai 1.5dCi (07-XX), Tiida 1.6-1.8 (07-XX);102;16546-ED000;;5,85;1;0;;;;
ALCO (Germany);MD-8302;;Фильтр воздушный   ;MMC L200 2.5 DI-D (06-0X);48;1500A098;;8,05;28;0;;;;
ALCO (Germany);MD-8304;;Фильтр воздушный C 2682/1  ;FORD Transit 2.0i(91-94);1;1024247;;3,57;4;0;;;;
ALCO (Germany);MD-8310;;Фильтр воздушный C 29 008 / SB 2206  ;"CHEVROLET / DAEWOO Captiva 2.0D, 2.4-3.2 (06-XX); OPEL Antara 2.0CDTI, 2.4-3.2 (06-XX)";70;96628890;;6,13;1;0;;;;
ALCO (Germany);MD-8314;;Фильтр воздушный  SB 2109 ;HYUNDAI Grandeur 2.2CRDi (06-XX), Sonata V 2.0CRDi/VVTi, 2.4-3.3  (05-XX);54;28113-3K010;;8,43;3;0;;;;
ALCO (Germany);MD-8318;;Фильтр воздушный   ;HONDA Accord VIII 2.2 i-CDTi (04-08);69;17220-RBD-E00;;6,55;1;0;;;;
ALCO (Germany);MD-8320;;Фильтр воздушный   ;HONDA Fit Aria 1.3 (02-0X).;116;17220-REA-J00;;5,09;1;0;;;;
ALCO (Germany);MD-8326;;Фильтр воздушный   ;JEEP Wrangler 2.4 (02-0X);64;15019443AA;;7,9;1;0;;;;
ALCO (Germany);MD-8346;;Фильтр воздушный C 27 161  ;FORD Transit 2.2TDCI (06-0X);1;6C119601CB;;6,55;6;0;;;;
ALCO (Germany);MD-8348;;Фильтр воздушный для пыльных условий C 31149/1 ;BMW E60/61 540-550 (03-0X), E63/64 645 (04-0X);18;13717521037;;9,36;3;0;;;;
ALCO (Germany);MD-8358;;Фильтр воздушный   ;SEAT ALTA 1.4 (06-0X). CORDOBA 1.6 (06-0X). IBIZA 1.6 (06-0X). SKODA FABIA 1.4-1.6 (06-0X). OCTAVIA 1.4 (04-0X). VW GOLF V 1.4 (05-0X). POLO 1.4-1.6 (06-0X).;20;036 129 620 H;;5,46;3;0;;;;
ALCO (Germany);MD-8364;НОВИНКА;Фильтр воздушный  SCT Nr =SB-2145 ;TOYOTA Camry (V40) (06-0X);54;17801-0H050, 17801-28030;;5,8;8;0;;;;
ALCO (Germany);MD-8366;SB 2223;Фильтр воздушный   ;HONDA Accord IX 2.0 (08-1X);70;17220-R60-U00;;9,06;4;0;;;;
ALCO (Germany);MD-8370;;Фильтр воздушный C 2245  ;MINI COOPER 1.6 (04-0X).;70;13 72 7 529 261;;5,74;2;0;;;;
ALCO (Germany);MD-8376;;Фильтр воздушный   ;FORD Fiesta 1.6TDCi (04-XX), Fusion 1.6TDCi (04-XX);90;C2050 (1 338 536/5S61-9601-AA);;4,29;1;0;;;;
ALCO (Germany);MD-8384;;Фильтр воздушный C 31 143  ;BMW 535 d (E60 / E61) (00-0X);30;13 71 7 793 647;;8,65;3;0;;;;
ALCO (Germany);MD-8390;;Фильтр воздушный C 2743 / SB 2207  ;"CHEVROLET Epica 2.0-2.5 (06-XX), Evanda 2.0 (05-XX); DAEWOO Evanda 2.0 (02-XX)";38;96328718;;5,75;1;0;;;;
ALCO (Germany);MD-8398;;Фильтр воздушный   ;MMC Outlander 2,4 (07-0X);52;1500A023;;8,51;1;0;;;;
ALCO (Germany);MD-8406;;Фильтр воздушный 2шт в компл.  ;MB C,R,E,S 320CDI (05-0X);1;642 094 02 04;;13,72;5;0;;;;
ALCO (Germany);MD-8426;;Фильтр воздушный   ;Toyota Prius 1.5 (03-0X).;124;17801-21040;;5,78;2;0;;;;
ALCO (Germany);MD-8442;;Фильтр воздушный   ;HONDA Accord lX 2.4 (08-0X);70;17220RL5A00;;5,87;5;0;;;;
ALCO (Germany);MD-8500;;Фильтр воздушный C3210   ;MB W204 C180-C250 CGI BLUE EFFICIENCY (09-1X), W212 E200-E250 CGI (09-1X);1;2710940304;;4,22;1;0;;;;
ALCO (Germany);MD-9006;;Фильтр воздушный C 3471 SCT = SB 038 ;ALFA ROMEO 164 2.0, 2.5  (87-98);42;164100840200;;4,38;2;0;;;;
ALCO (Germany);MD-9036;;Фильтр воздушный C 41 173 SCT Nr =SB-236 ;MB W124 (M103) 87 - 93, W126 (M103) 2.6, 3.0 (85-91);20;002 094 87 04;;5,69;2;0;;;;
ALCO (Germany);MD-9050;;Фильтр воздушный C 3177 SCT = SB 011 ;ALFA ROMEO 145/146 1.4-1.7 (94-96), 33 1.3-1.8TD (83-94);91;60538 923;;3,53;6;0;;;;
ALCO (Germany);MD-9086;;Фильтр воздушный C 26 110/1 SCT Nr =SB-239 ;BMW E30 316-325e (87-91), E36 316-318is (90-95), E28 520 (85-87), E34 518 (89-95), E34 525 (88-91), E32 750 (87-94), E31 850 (90-99);63;13 72 1 707 050;;2,9;12;0;;;;
ALCO (Germany);MD-9090;VAG;Фильтр воздушный C 26168  ;"OPEL Omega (86-94), Senator, Frontera (95-98); AUDI A4, A6 (95-06); VW Passat (96-06); BMW 5 E34/E39, 7 E32/38, X5, 8 E31 (92-06)";40;058 133 843;;3,77;22;0;;;;
ALCO (Germany);MD-9092;OPEL;Фильтр воздушный   ;"OPEL Omega (86-94), Senator, Frontera (95-98); AUDI A4, A6 (95-06); VW Passat (96-06); BMW 5 E34/E39, 7 E32/38, X5, 8 E31 (92-06)";51;834286;;3,2;48;0;;;;
ALCO (Germany);MD-9096;;Фильтр воздушный C 31 152/1 SCT = SB 206 ;AUDI 100 2.0-2.8 (90-94), A6 1.8-2.8 (94-97), Cabriolet 2.0-2.8 (92-00). VW Golf II/JettaII 1.8GTI (87-91), Passat 1.8-2.9 (88-96);40;191 129 620;;2,46;217;0;;;;
ALCO (Germany);MD-9112;;Фильтр воздушный C 24 130 SCT Nr =SB-215 ;FORD Transit (88-00);58;6172024;;3,09;4;0;;;;
ALCO (Germany);MD-9118;;Фильтр воздушный C 33 220  ;BMW 5 E34 524TD 88 - 95;30;13 72 2 242 025;;5,71;1;0;;;;
ALCO (Germany);MD-9148;;Фильтр воздушный C 3338/1  ;HONDA Legend 2.5i, 2.7i (86-90), ROVER 800 2.5i, 2.7i (86-99);63;17220-PH7-661;;6,74;1;0;;;;
ALCO (Germany);MD-9166;;Фильтр воздушный C 41 121 SCT Nr =SB-233 ;MB W201 (M102) 2.0, 2.3  85 - 93,  W124 (M102) 2.0, 2.3  88 - 92;30;003 094 38 04;;6,77;2;0;;;;
ALCO (Germany);MD-9200;;Фильтр воздушный C 27 154/1 SCT Nr =SB-248 ;VW Golf (91-99), Vento (91-98);40;1H0 129 620;;3,13;121;0;;;;
ALCO (Germany);MD-9202;;Фильтр воздушный C 39 160/1 SCT = SB 071 ;AUDI 100 S4 V8 (92-94), A6 S6 4.2 (94-97), V8 3.6-4.2 (86-94);48;077 129 620;;4,5;3;0;;;;
ALCO (Germany);MD-9204;;Фильтр воздушный C 25 114 SCT Nr =SB-035 ;BMW E36 320-M3 (90-98), E46 316-330 (98-05), E39 520-530 (95-03), E38 728 (95-01), Z3 2.0-M3.2 (97-03), Z4 2.2-3.0 (03-06);63;13 72 1 730 946;;3,23;28;0;;;;
ALCO (Germany);MD-9206;;Фильтр воздушный C 33 130 SCT Nr =SB-274 ;BMW E34 520-525 (89-95);24;13 72 1 726 916;;2,99;14;0;;;;
ALCO (Germany);MD-9212;;Фильтр воздушный C 31 101/1 SCT Nr =SB-217 ;TOYOTA Camry 2.0 (88-91), Carina E 1.6, 2.0 (93-97), Corolla 1.6, 1.8 (89-00), Picnic 2.0 (96-06), RAV4 2.0 (94-00);53;17801-64010;;4,11;5;0;;;;
ALCO (Germany);MD-9214;;Фильтр воздушный C 2571 SCT = SB 016 ;ALFA ROMEO 155 1.7-2.5 (92-97). FIAT Coupe 1.8-2.0 (93-01). LANCIA Dedra 1.6-2.0 (94-99), Delta 1.6-2.0 (93-99);63;"60561 931; 60809 275; 60 811 644-1";;3,44;1;0;;;;
ALCO (Germany);MD-9222;;Фильтр воздушный C 32 120, C 32 120/1  ;FORD Transit (91-00);48;3414709;;3,57;43;0;;;;
ALCO (Germany);MD-9226;;Фильтр воздушный C 2998  ;MB (W201) 190 (88-93).;1;102 094 02 04;;4,11;1;0;;;;
ALCO (Germany);MD-9230;;Фильтр воздушный C 33 102 SCT Nr =SB-562 ;MB W124 (M119), 140 (M119)  91 - 98;63;003 094 61 04;;3,9;14;0;;;;
ALCO (Germany);MD-9244;;Фильтр воздушный C 2666 SCT Nr =SB-262 ;"MAZDA 626 1.8-2.5 (91-06), MX6 2.0-2.5 (92-->); FORD Probe 2.0-2.5 (93-98)";51;FS 0513Z409A;;2,66;5;0;;;;
ALCO (Germany);MD-9244R;;Фильтр воздушный C 2666 SCT Nr =SB-262 ;"MAZDA 626 1.8-2.5 (91-06), MX6 2.0-2.5 (92-->); FORD Probe 2.0-2.5 (93-98)";102;FS 0513Z409A;;4,74;3;0;;;;
ALCO (Germany);MD-9250;;Фильтр воздушный C 3173  ;PEUGEOT 306, 405 1.6-2.0 (94-06), CITROEN Xsara, Xanita 1.8i, 2.0i (97-06), ZX 1.6i-2.0i (91-97);114;77 01 042 841;;2,54;1;0;;;;
ALCO (Germany);MD-9252;BMW;Фильтр воздушный C 26 144, C 26 168, C 26 151  ;"OPEL Omega (86-94), Senator, Frontera (95-98); AUDI A4, A6 (95-06); VW Passat (96-06); BMW 5 E34/E39, 7 E32/38, X5, 8 E31 (92-06)";51;0834 285;;3,65;3;0;;;;
ALCO (Germany);MD-9254;;Фильтр воздушный C 30 195  ;MB W202 (M111, OM601/604/605)  93 - 00;42;604 094 13 04;;3,84;5;0;;;;
ALCO (Germany);MD-9282;;Фильтр воздушный C 31 144  ;MB W124 2.8, 3.2  (M104)  93 - 95;48;003 094 71 04;;3,77;1;0;;;;
ALCO (Germany);MD-9284;;Фильтр воздушный C 29 144 SCT Nr =SB-040 ;MB W124 E200-E220 Coupe (93-98), 220E (92-93). SSANGYONG Musso 2.0 (97-04);63;111 094 00 04;;5,57;2;0;;;;
ALCO (Germany);MD-9286;;Фильтр воздушный C 23 148 SCT Nr =SB-2019 ;MB W124 (OM602), W201 2.5  (OM602)  88 - 95;26;602 094 04 04;;4,93;3;0;;;;
ALCO (Germany);MD-9294;;Фильтр воздушный C 35 127, C 35 148  ;VOLVO 850 2.0-2.5 (91-96), S70 2.0-2.5 (97-00), C70 (98-06), V70 (97-06);43;3528093;;5,41;4;0;;;;
ALCO (Germany);MD-9306;;Фильтр воздушный C 3284/2 SCT Nr =SB-006 ;TOYOTA Avensis (97-00), Carina E 1.6-2.0 (-->97);48;17801-02040;;3,57;1;0;;;;
ALCO (Germany);MD-9308;;Фильтр воздушный C 36 168 / SB 542  ;MB R129 2.8-3.2 (93-01);51;"003 094 73 04; 104 094 01 04";;5,21;1;0;;;;
ALCO (Germany);MD-9362;;Фильтр воздушный C 32 338 SCT Nr =SB-549 ;MB Sprinter 208-216 95->06. 308-316 95->06. 408-416 96->06. (M111, OM601/602) 00 -->, VITO  99 ->;16;003 094 75 04;;5,8;36;0;;;;
ALCO (Germany);MD-9364;;Фильтр воздушный C 34 175 SCT Nr =SB-528 ;MB W210 E200-E430 (95-99);43;604 094 05 04;;5,33;4;0;;;;
ALCO (Germany);MD-9370;;Фильтр воздушный C 34 116/1  ;OPEL Vectra (95-->);42;835614;;3,46;18;0;;;;
ALCO (Germany);MD-9382;;Фильтр воздушный C 30 130  ;OPEL Astra 1.2, 1.4, 1.6, 1.7, 1.8   98 ->,;40;835622;;3,98;4;0;;;;
ALCO (Germany);MD-9386;;Фильтр воздушный C 24 128  SCT = SB 648  ;OPEL VECTRA 1.6-2.2 (95-03).;54;834316;;4,53;12;0;;;;
ALCO (Germany);MD-9408;;Фильтр воздушный C 2039 SCT Nr =SB-209 ;VW Caddy, Golf  II, Jetta, Scirocco 1.5-1.8 (77-92);96;055 129 620 A;;1,84;3;0;;;;
ALCO (Germany);MD-9420;;Фильтр воздушный C 29 198 SCT Nr =SB-958 ;VW Transporter 1.9D, 2.8 (96-03);51;074 129 620 (A);;5,43;2;0;;;;
ALCO (Germany);MD-9422;;Фильтр воздушный C 37 153 SCT Nr =SB-048 ;SEAT Toledo 1.6 - 1.9  99 ->, SKODA Octavia 1.4 - 2.  96 ->, VW Golf IV 1.9 97 ->;30;1J0 129 620;;3,23;24;0;;;;
ALCO (Germany);MD-9424;;Фильтр воздушный C 3484 SCT Nr =SB-525 ;MB W140 600 SE, SEL  91 - 01;50;003 094 68 04;;5,75;1;0;;;;
ALCO (Germany);MD-9430;;Фильтр воздушный C 2874  ;HONDA Civic V 2.0i TD, DI(98-06), LANDROVER Freelander 1.8i 16V, 2.0DI(98-06), ROVER 200, 400, 600, 800 Si, Sdi(94-00);73;17200-P9M-E00;;2,92;27;0;;;;
ALCO (Germany);MD-9436;;Фильтр воздушный C 2860 SCT = SB 230 ;AUDI 80 (75-86). CHRYSLER Voyager 2.4-3.8 (95-01).  VW Golf (76-93);56;049 133 843;;2,63;5;0;;;;
ALCO (Germany);MD-9438;;Фильтр воздушный C 2982  ;Ford KA 1.3i (96->);63;97KB9601AB;;3,55;2;0;;;;
ALCO (Germany);MD-9470;;Фильтр воздушный C 27 74/2  ;FORD Focus 1.4-2.0 (98-04);20;1058022;;3,23;12;0;;;;
ALCO (Germany);MD-9472;;Фильтр воздушный C 26 206 SCT = SB 068 ;AUDI A4 2.5TDI (97-01), A6 2.5TDI (97-04), Allroad 2.5TDI (00-06). SKODA SuperB 2.5TDI (02-06). VW Passat 2.5TDI (98-05);46;"059 133 843; 059 133 843 A";;5;14;0;;;;
ALCO (Germany);MD-9476;;Фильтр воздушный C 2159  SCT = SB 2122  ;CITROEN Xsara (00-06), PEUGEOT 206 (98-06);51;1444.G9;;2,32;2;0;;;;
ALCO (Germany);MD-9478;;Фильтр воздушный C 28 214/1 SCT = SB 072 ;AUDI A6 S6 Plus (96-97), A8 2.5TDI-S8 (94-02);48;077 129 620A;;5,5;1;0;;;;
ALCO (Germany);MD-9496;;Фильтр воздушный C 2788 SCT Nr =SB-945 ;FORD Tranzit 2.5 DI, TD (94-00);63;1023 134;;4,01;11;0;;;;
ALCO (Germany);MD-9512;;Фильтр воздушный C 30 195/2 SCT Nr =SB-043 ;MB W202 (M111, OM601/604/605)  93 - 00;40;604 094 14 04;;3,84;11;0;;;;
ALCO (Germany);MD-9516;;Фильтр воздушный C 15 143  SCT = SB 082  ;BMW E46 330d (99-05), E90 330d (05-06), E39 525d-530d (98-03), E60 525d-530d (03-06), E38 730d (98-01), E65/66 730d (02-06), E83 X3 3.0d (04-06), E53 X5 3.0d (01-06). LAND ROVER Range Rover 3.0Td6 (02-06);15;13 71 2 247 444;;15,57;1;0;;;;
ALCO (Germany);MD-9528;;Фильтр воздушный C 3698 SCT Nr =SB-537 ;MB C, S, G, CL, SL -Class W220 3.2, MB G463 3.2-5.0 (98-->), W215 5.0, W203 2.3-2.4 (00-->);48;112 094 00 04/112 094 06 04;;5,41;3;0;;;;
ALCO (Germany);MD-9540;;Фильтр воздушный C 25 146  ;LANDR DISCOVERY II (99- 94) DEFENDER Station Wagon (98- 94) RANGE ROVER II (98- 2) FREELANDER (0- 2) DEFENDER пикап 2.5 Td5 4WD(98- 2) DEFENDER (98- 2);51;ESR4238;;5,04;3;0;;;;
ALCO (Germany);MD-9556;;Фильтр воздушный C 38 163 / 1, C 38 163/2  ;"MB W124 (OM602) 2.5D 85-93; SSANG YONG  (96-->)";48;602 094 02 04;;5,19;2;0;;;;
ALCO (Germany);MD-9558;;Фильтр воздушный C 48 183 SB 580 ;MB W124 300D (84-93), W463 300GD-350GTD (90-97);39;603 094 01 04;;6;1;0;;;;
ALCO (Germany);MD-9568;;Фильтр воздушный   ;DAIHATSU Cuore, Move, Sirion, YRV (97-06);84;17801-97201;;5,51;8;0;;;;
ALCO (Germany);MD-9574;;Фильтр воздушный C 28 162  ;KIA Sportage 2.0i  94->;52;K017-13-Z40;;6,82;1;0;;;;
ALCO (Germany);MD-9606;;Фильтр воздушный   ;HONDA CIVIC VI купе (1- 5) STREAM (1- 5) CIVIC VI 1.4  (1- 5) CIVIC VI 1.6(1- 5) FR-V 2.0(5- 5) FR-V 1.7(5- 5);54;17220-PLD-000;;5,28;2;0;;;;
ALCO (Germany);MD-9616;;Фильтр воздушный   ;MMC Pajero Junior 1.1;74;MD620584;;7,89;2;0;;;;
ALCO (Germany);MD-9620;;Фильтр воздушный C 27 192/1  ;AUDI A4 1.6-3.2 (00-06);32;06C 133 843;;5,98;2;0;;;;
ALCO (Germany);MD-9622;;Фильтр воздушный C 3083  ;"VW Golf V1.4 FSI,  Touran 1.6 FSI (02->); Polo 1.4 FSI (03->)";90;03C 129 620;;3,67;4;0;;;;
ALCO (Germany);MD-9624;;Фильтр воздушный C 3093/1  ;"SKODA Fabia (03->); SEAT Ibiza, Cordoba (02->); VW Polo (01->) V-1.2";63;03E 129 620;;2,85;1;0;;;;
ALCO (Germany);MD-9652;;Фильтр воздушный  SCT Nr =SB-259 ;TOYOTA 4 Runner, LandCruiser (95-->), Supra 3.0-3.4i (93-98);52;17801-07020;;5,3;4;0;;;;
ALCO (Germany);MD-9654;;Фильтр воздушный  SCT Nr =SB-925 ;TOYOTA Corola (90-99), Raum (97-0X);84;17801-11050;;5,3;2;0;;;;
ALCO (Germany);MD-9656;;Фильтр воздушный  SCT Nr =SB-931 ;Toyota Land Cruiser 100 (V=4.7) прямоугольный, Lexus GS 300 (93-97);52;17801-50020;;6,37;5;0;;;;
ALCO (Germany);MD-9660;;Фильтр воздушный  SCT Nr =SB-989 ;MMC DIAMANTE (97-0X),;52;MR187912;;6,3;6;0;;;;
ALCO (Germany);MD-9668;;Фильтр воздушный C 2229 SCT Nr = SB 975 ;DAEWOO Lanos (97-0X);74;96182220;;3,79;1;0;;;;
ALCO (Germany);MD-9672;;Фильтр воздушный C 2634/2  ;DAEWOO Leganza 2.0i (06.97-->);70;96351225;;4,71;1;0;;;;
ALCO (Germany);MD-9676;;Фильтр воздушный C 2739  ;HONDA Legend III 3.5i 24V (96-->);48;17220-P5A-000;;5,6;2;0;;;;
ALCO (Germany);MD-9688;;Фильтр воздушный C 2136/1 SCT Nr =SB-939 ;MMC Colt 1.3, 1.6, Galant 2.0 TDI, Lancer 1.3, 1.6, 2.0 (96-06), Outlander 2.0, 2.4 (03-06);70;MR 188657, MR 552951;;4,74;3;0;;;;
ALCO (Germany);MD-9690;;Фильтр воздушный C 3766  ;MMC Pajero Classic 3.2 (05-0X), Pajero III 3.2-3.5 (00-0X), Pajero IV 3.2 (07-0X);30;MR404847;;8,8;2;0;;;;
ALCO (Germany);MD-9692;;Фильтр воздушный  SCT Nr =SB-992 ;SUBARU Forester 2.0 (98-0X), Impreza (98-00), legacy (98-01);51;16546-AA070;;6,84;3;0;;;;
ALCO (Germany);MD-9700;;Фильтр воздушный   ;Honda Civic 1,7 (01-04);54;17220-PLC-000;;6,11;3;0;;;;
ALCO (Germany);MD-9704;;Фильтр воздушный   ;THERMO KING (Холодильная установка) (груз);44;11-7234;;4,67;2;0;;;;
ALCO (Germany);MD-9710;;Фильтр воздушный C 37 132  ;"SEAT Ibiza, Inca, Cordoba (99-02); VW Polo 1.9TDI (98-01)";48;6K0 129 620 B;;4,72;3;0;;;;
ALCO (Germany);MD-9714;;фильтр воздушный   ;RENAULT;40;7701047285;;3,08;1;0;;;;
ALCO (Germany);MD-9744;;Фильтр воздушный   ;Opel Monterey A 3.2 (92-98);44;"8 34 805; 8-97035-303-0";;12,13;4;0;;;;
ALCO (Germany);MD-9746;;Фильтр воздушный C 2345/1  ;TOYOTA Corolla (E11) 1.4 (97-00);105;17801-02060;;3,08;1;0;;;;
ALCO (Germany);MD-9754;;Фильтр воздушный C 2759/1  ;TOYOTA COROLLA 1.4-1.6 (00-02).;68;17801-02080;;3,85;17;0;;;;
ALCO (Germany);MD-9756;;Фильтр воздушный C 3087  ;FORD, PEUGEOT1007 1.4 HDi (05-10), MAZDA ,CITROEN XSARA (03-10), C3 Pluriel 1.4 HDi (04-10);56;"1147681; Y401-13-Z40; 1444-X2; 1444 W9; SU001-00653";;3,87;1;0;;;;
ALCO (Germany);MD-9762;;Фильтр воздушный   ;HONDA ACCORD VII 2.3 (00-02).;64;17220-PCA-010;;11,53;1;0;;;;
ALCO (Germany);MD-9766;;Фильтр воздушный C 3233  ;MAZDA 6 1.8-2.3 (02-0X). 626 2.0TD (98-02). MPV 2.0-2.3 (02-0X).;53;RF4F-13-Z40;;6,44;6;0;;;;
ALCO (Germany);MD-9768;;Фильтр воздушный C 2295/3  ;SEEAT CORDOBA 1.4-2.0 (02-0X). IBIZA 1.4-1.9 (02-0X). SKODA FABIA 1.4-2.0 (99-0X). VW FOX 1.4TDI (05-0X). POLO 1.4-1.9 (01-0X).;32;6Q0 129 620;;3,34;1;0;;;;
ALCO (Germany);MD-9774;MD-9510;Фильтр воздушный C 27 124/1  ;"CITROEN Berlingo 2.0 HDI (99-0X); PEUGEOT 306 (7B) 2.0 HDI (99-01), Partner 2.0 HDI (00-0X)";48;1444-H9;;2,86;2;0;;;;
ALCO (Germany);MD-9790;;Фильтр воздушный C 31 116  ;FORD Galaxy 1.9TDI. 2.3 16V, 2.8 V6 (00-06). SEAT Alhambra, VW Sharan  1.9TDI, 2.8 V6 (00-06);20;7M3 129 620;;5,66;2;0;;;;
ALCO (Germany);MD-9792;;Фильтр воздушный C 32 164 SCT Nr =SB-529 ;MB E Class W210 2.0-3.2 Millenium (99-->);48;112 094 02 04;;4,11;13;0;;;;
ALCO (Germany);MD-9800;;фильтр воздушный   ;TOYOTA Hiace 1,8-2,0 (83-99);1;17801-72010;;5,3;1;0;;;;
ALCO (Germany);MD-9824;;Фильтр воздушный C 2645/1 SCT Nr =SB-047 ;TOYOTA Corolla (84-97);72;17801-10030;;3,47;1;0;;;;
ALCO (Germany);MD-9872;;Фильтр воздушный C 2223 / SB 055  ;"SUBARU Justy II 1.3 (95-03); SUZUKI Swift II 1.0-1.6 (89-01)";72;13780-86000;;2,92;1;0;;;;
ALCO (Germany);MD-9912;;Фильтр воздушный C 2626 SCT = SB 299 ;MMC COLT 1.3-1.5 (88-05). LANCER 1.3-1.5 (89-92).;72;MD620508;;3,05;1;0;;;;
ALCO (Germany);MD-9914;;Фильтр воздушный C 2332 SCT Nr =SB-296 ;MMC 3000 3.0 92->, Pajero II 2.4, 3.0 90 - 00, Sigma 3.0 90 - 96, Space Gear 2.0  95 ->;70;MD 620456;;4,66;2;0;;;;
ALCO (Germany);MD-9924;;Фильтр воздушный C 1618 / SB-627  ;NISSAN Micra II (K11) 1.0-1.4 (92-03), Micra III (K12) 1.0-1.4 (03-XX), Micra C+C (K12) 1.4 (05-XX), Note (E11) 1.4 (06-XX);90;16546-41B00;;2,4;8;0;;;;
ALCO (Germany);MD-9934;;Фильтр воздушный C 2326 SCT Nr =SB-056 ;TOYOTA Corolla 1.3 12V, 16V (92-97), 1.4 (97-00);74;17801-11090;;3,92;5;0;;;;
ALCO (Germany);MD-9936;;Фильтр воздушный C 31 126 SCT Nr =SB-003 ;TOYOTA Camry (92-01), Celica (93-99), Lexus RX 300 (97-03);53;17801-74060;;4;2;0;;;;
ALCO (Germany);MD-9938;;Фильтр воздушный C 2535 SCT Nr =SB-200 ;TOYOTA PREVIA 2.4 90 - 00, VW TARO 2.4  89 - 97;64;17801-35020;;4,98;1;0;;;;
ALCO (Germany);MD-9942;;Фильтр воздушный C 2438 SCT Nr =SB-935 ;MAZDA XEDOS 9  2.0 93 - 00 MMC Galant 1.8 - 2.5 92 - 96, Pajero 2.0 00 ->;70;MB906 051;;5,34;23;0;;;;
ALCO (Germany);MD-9944;;Фильтр воздушный   ;MMC Galant, Lancer 2.0D (92-96), Space Runner, Space Wagon 1.8TD. 2.0TD (92-99);1;MD620610;;5,84;1;0;;;;
ALCO (Germany);MD-9976;;Фильтр воздушный  SCT Nr =SB-940 ;MMC Pajero, Montero 3.5 (94-00);70;MD620837;;5,09;5;0;;;;
ALCO (Germany);MD-9980;;Фильтр воздушный   ;KIA Sportage 2.0 TD (97-03);64;K011-13-Z40;;6,98;4;0;;;;
ALCO (Germany);MD-9986;;Фильтр воздушный C 3027/1 SCT Nr =SB-957 ;HONDA Accord V 2.0, 2.2i (93-98), Shuttle 2.2 16V (94-98), 2.3 16V (98-01);53;17220-P0A-A00;;3,65;7;0;;;;
ALCO (Germany);MD-9988;;Фильтр воздушный C 2730  ;HONDA Legend II 3.2i 24V (91-96), DAEWOO Korando 2.3 (99-06);52;17220-PY3-000;;5,82;1;0;;;;
ALCO (Germany);MD-9992;;Фильтр воздушный C 2055 SCT Nr =SB-921 ;HONDA Civic V 1.5i, 1.6i, 16V (95-01), CR-VI 2.0 16V (95-01), HR-V 1.6 16V (99-06);90;17220-P2J-003;;2,53;45;0;;;;
ALCO (Germany);MS-6011;;Фильтр салона CU 2835  ;BMW E36 316-M3 (93-99);91;64 11 9 069 895;;5,34;12;0;;;;
ALCO (Germany);MS-6020C;;Фильтр салона CUK 5480 с активированным углем серт-я;"FORD Galaxy 1.9-2.8 (95-->); VW Sharan 1.9-2.8 (95-->)";88;"1148 366; 7M0 091 800";;8,37;1;0;;;;
ALCO (Germany);MS-6025;;Фильтр салона CU 3858  ;"MB Sprinter (95->); VW LT28-46 (96->)";64;000 830 33 18;;5,41;3;0;;;;
ALCO (Germany);MS-6026;;Фильтр салона CU 3759  ;MB V-Klasse  V 200 96 ->,  VITO 108 D 2.3 97 ->;71;638 835 00 47;;8,72;5;0;;;;
ALCO (Germany);MS-6100;в коробке 2 фильтра;"Фильтр салона CU 2745; CU 2745-2  ";MB W220 280, 320CDI, 350, 400, 600, S 55 AMG Kompressor (98-->);68;210 830 00 18;;6,9;13;0;;;;
ALCO (Germany);MS-6103;;Фильтр, воздух во внутренном пространстве   ;OPEL COMBO (99- 1) TIGRA (97- 98),VAUXH CORSA 1.2 i(93- 0) CORSA 1.4 i(93- 0) CORSA 1.4 i S(93- 0) CORSA 1.4 i 16V(94- 0) CORSA 1.6 i 16V(94- 0) CORSA 1.6  GSI 16V(93- 0) CORSA 1.5 D(93- 0) CORSA 1.5 TD(93- 96) CORSA 1.7 D(96- 0) TIGRA 1.4 16V(94- 0) TIGR;83;209;;3,03;1;0;;;;
ALCO (Germany);MS-6108;;Фильтр салона CU 2672  ;VW Passat  1.6,  1,8,  1.9 TDI, 2.0  (91-00);70;3A0 819 638;;4,82;1;0;;;;
ALCO (Germany);MS-6109C;;Фильтр салона (с активированным углем) CUK 2882  ;AUDI A3, SKODA Octavia, VW Golf III, IV 1.4-2.3, 2.8 (91-0X);124;1H0 091 800;;5,74;2;0;;;;
ALCO (Germany);MS-6113;;Фильтр салона CU 3192 c кондиционером ;AUDI A6 (-->97), Allroad 2.5TDi quattro (00-->);75;4B0 819 439;;4,33;8;0;;;;
ALCO (Germany);MS-6114;;Фильтр салона CU 2525  ;RENAULT Laguna (93-01);124;77 00 834 816;;4,15;1;0;;;;
ALCO (Germany);MS-6122;;Фильтр салона CU 2750  ;VW Passat (88-97);1;357 819 638;;6,29;3;0;;;;
ALCO (Germany);MS-6124;;Фильтр салона CU 3338 серт-я ;BMW E34 518-M5 (88-97), E32 730-750 (90-94);84;64 31 1 390 836;;6,11;22;0;;;;
ALCO (Germany);MS-6132;;Фильтр салона CU 2650  ;VOLVO 850, C70, V70, S70, 850, S90 2.0-2.5TD 2.9L (91-06);70;"1343232; 9134577; 9192522; 9192523";;5,66;1;0;;;;
ALCO (Germany);MS-6141;;Фильтр салона   ;BMW E39 520-M5 (95-04);53;64 11 9 070 073;;8,65;8;0;;;;
ALCO (Germany);MS-6145;;Фильтр салона CU 4442  ;FIAT Ducato 1,9-2,5 (TDi),  -->94, Peugeout Boxer 1,9-2,4 (TDi),  94-->, CITROEN Jumper 1,9-2,5 (TDi),  94-00;77;"13127 64080; 6447.J0";;4,67;4;0;;;;
ALCO (Germany);MS-6152;;Фильтр салона CU 3562  ;AUDI A6 1.8-2.8 (94-97);71;4A1 820 367;;4,69;4;0;;;;
ALCO (Germany);MS-6154;;Фильтр салона для авто с кондиц. CU 2351  ;"HONDA Civic IV (94-97), Civic V (97-01), Civic VI (01-05), CR-V I (95-02); ROVER 200, 400 (95-00)";110;80290-ST3E01;;4,03;5;0;;;;
ALCO (Germany);MS-6157;;Фильтр салона   ;NISSA ALMERA I 1.4-2.0 (95-00);116;27275-1N601;;9,74;3;0;;;;
ALCO (Germany);MS-6160;;Фильтр салона CU 2757  ;OPEL Astra G (98-0X), Zafira (99-0X);75;90559549;;4,47;1;0;;;;
ALCO (Germany);MS-6161;;Фильтр салона CU 3054  ;OPEL Astra G (98-0X), Zafira (99-0X);84;90520689;;5;1;0;;;;
ALCO (Germany);MS-6162;;Фильтр салона   ;RENAULT Megane (96->);124;7700424093;;4,23;2;0;;;;
ALCO (Germany);MS-6170;;Фильтр салона CU 3855  ;MB Actros (96-06) (груз);56;0008301218;;5,3;1;0;;;;
ALCO (Germany);MS-6171;;Фильтр салона CU 40 110  ;MAN F200019.273-26.463 94->. M2000 14.224-18.264 95->. (груз);56;81.61910.0011;;4,8;5;0;;;;
ALCO (Germany);MS-6173;;Фильтр салона CU 3780  ;MB A-klasse (W-168)  A 140   97 ->(фильтр с активированным углем);30;168 830 00 18;;5,8;1;0;;;;
ALCO (Germany);MS-6175;;Фильтр салона CU 2530  ;FORD MAVERIK 2.4 (96-98). NISSAN PRIMERA 1.6-2.0 (96-02). TERRANO II 2.4-3.0 (93-0X).;124;27893-9F500;;5,94;1;0;;;;
ALCO (Germany);MS-6181;;Фильтр салона CU 2855  ;Volvo C70, S60, S70, S80 (97-06);38;9204626;;7,17;2;0;;;;
ALCO (Germany);MS-6193;;Фильтр салона CU 3642-2  Febi цена за 1шт;BMW E38 728-750 (94-01);1;64 31 9 069 926;;13,23;19;0;;;;
ALCO (Germany);MS-6197;;Фильтр салона CU 4007  ;MB W140 300-600 SE/SEL (91-98);30;140 835 00 47;;10,94;2;0;;;;
ALCO (Germany);MS-6202C;;Фильтр салона CUK 3037 с кодиционером(с активированным углем) ;AUDI A4 1.6-3.0 (00-04), A6 1.8-4.2 (97-05), Allroad 2.5-4.2 (00-05);83;4B0 819 439 C;;6,47;5;0;;;;
ALCO (Germany);MS-6204;;Фильтр салона CU 5257 SA 1118 ;"FORD Mondeo III 1.8-3.0 (00-07); JAGUAR X-Type 2.0-3.0 (01-XX)";88;1 119 616;;5,8;6;0;;;;
ALCO (Germany);MS-6204C;;Фильтр, воздух во внутренном пространстве   ;FORD MONDEO III (4- 0) MONDEO III универсал (4- 0),JAGUA X-TYPE Estate 2.0 D(4- 5) X-TYPE Estate 2.5(4- 5) X-TYPE Estate 3.0(4- 5);88;66;;7,48;2;0;;;;
ALCO (Germany);MS-6206C;MS-6206;Фильтр салона  (с активированным углем)   ;Nissan Maxima QX (A33) 2.0-3.0 (00-0X);53;27277-3Y525;;6,75;2;0;;;;
ALCO (Germany);MS-6213;;Фильтр салона CU 4466 SA 1207 ;IVECO Euro Cargo170 E27.180 94->. Euro Star LD190E-LD440 93->02. Euro Tech MH 190-400 98->. MP 180-440 92->. MT 180-400 92->98. Euro Trakker MP190 93->. (груз);31;"379 9020; 931 62385";;9,08;3;0;;;;
ALCO (Germany);MS-6218;НОВИНКА;Фильтр салона CU 4228  ;DAF 65,75,85  98-00, CF 75 01->;1;OE Nr 1347066;;3,85;1;0;;;;
ALCO (Germany);MS-6219;;Фильтр салона CU 3132  ;DAF 95XF 380-530 (97-02). XF105 105.410-105.510 (05-0X). XF95 95.380-95.480 (02-0X). (груз).;42;1322255;;7,73;1;0;;;;
ALCO (Germany);MS-6224C;;Фильтр салона  (с активированным углем) CUK 3377  ;OPEL Corsa C, Vectra C (00-1X);83;1 808 617;;7,81;1;0;;;;
ALCO (Germany);MS-6225;;Фильтр салона CU 5366. SCT= SA 1146  ;BMW X5 (E53) 3.0d-4.8 (00-0X). LANDROVER RANGE ROVER 3.0-4.4 (02-0X).;28;64318409043;;7,78;16;0;;;;
ALCO (Germany);MS-6227;;Фильтр салона   ;JEEP Cherokee (01-0X);1;82204691;;9,54;1;0;;;;
ALCO (Germany);MS-6229;;Фильтр салона CU 4260  ;PEUGEOT 605 (6B) 2.0-2.5 (89-99);64;"0024-40; 6447-K6";;6,69;5;0;;;;
ALCO (Germany);MS-6235;;Фильтр салона   ;LEXUS RX 300 (00-03);110;87139-48020;;3,93;21;0;;;;
ALCO (Germany);MS-6239;;Фильтр салона   ;HYUND XG25 (98-06). SANTA FE 2.0-2.7 (01-06), Sonata III, IV 2.0-2.7 (98-06), KAI Magentis 2.0-2.7 (05-06), Sorento 2.5-3.5 (02-06);53;97619-38100;;5,18;3;0;;;;
ALCO (Germany);MS-6243;;Фильтр салона   ;SUBARU IMPREZA (95-00);1;GE210-FC000;;7,55;1;0;;;;
ALCO (Germany);MS-6248;;Фильтр салона   ;MMC L200 (01-), Carisma, Space Star (98-);114;MZ311917;;8,29;1;0;;;;
ALCO (Germany);MS-6250C;;Фильтр салона CUK3172  ;MB W211 E200-E350 (02-08);44;211 830 00 18;;10,93;3;0;;;;
ALCO (Germany);MS-6251;;Фильтр салона   ;HONDA Civic VII 1.4-2.0 (01-05), CR-V II 2.0-2.2 (02-06), FR-V 1.7-2.2 (05-XX), Stream 1.7-2.0 (01-XX);116;08R79-S5A-A00;;4,89;5;0;;;;
ALCO (Germany);MS-6259C;;Фильтр салона (с актив.углем) CUK2433  ;FORD Fusion (04-10);74;1 204 464/1 452 330;;5,54;1;0;;;;
ALCO (Germany);MS-6265;;Фильтр салона CUK 2230  ;MMC PAJERO 2.4-3.5 (90-0X). PAJERO-SPORT 2.5TD (98-0X).;110;MR500058;;5,9;1;0;;;;
ALCO (Germany);MS-6267;;Фильтр, воздух во внутренном пространстве CU 2035  ;TOYOT COROLLA седан (4- 4) COROLLA Verso (2- 4) COROLLA Verso 1.6(4- 4) AVENSIS (5- 4) AVENSIS седан (5- 4) AVENSIS универсал (5- 4) COROLLA Verso 2.0 D-4D(4- 4) COROLLA Verso 2.2 D(5- 4) COROLLA Verso 2.2 D-4D(5- 4);124;87139-YZZ07;;3,49;8;0;;;;
ALCO (Germany);MS-6273;;Фильтр салона CU 1835  ;HONDA Jazz 1.2-1.4 (02-0X);110;80291-SAA-E01;;2,7;20;0;;;;
ALCO (Germany);MS-6274;;Фильтр салона CU 2939  ;"Audi A3  (03-0X); Scoda Octavia  (04-0X); VW Golf V  (03-0X); Jetta III  (05-0X); Passat (3C2)  (05-0X); Touareg 3.0, 3.2, 4.2  (02-0X); Touran  (03-0X)";38;1K0 819 644;;4,47;2;0;;;;
ALCO (Germany);MS-6280;;Фильтр салона CUK 2145  ;SUBARU IMPREZA 1.6 / 2.0 (00-0X).;110;G3210-FE000;;3,52;5;0;;;;
ALCO (Germany);MS-6290;;Фильтр салона CU 2015  ;TOYOTA COROLLA 1.4-2.0D (97-02).;110;88508-12010;;7,26;1;0;;;;
ALCO (Germany);MS-6294;;Фильтр салона CU 1910  ;KIA Picanto 1.1 (04-0X);110;97133-07000;;6,18;1;0;;;;
ALCO (Germany);MS-6299;;Фильтр салона CU 3139-2  ;BMW E60 520-M5 (03-0X), E61 520-M5 (04-0X);53;64 31 6 935 822;;6,03;9;0;;;;
ALCO (Germany);MS-6304;;Фильтр салона   ;MB W169 A-Class, W245 B-Class (04-06);64;169 830 01 18;;6,99;8;0;;;;
ALCO (Germany);MS-6305;;Фильтр салона CU 8430  ;BMW E87 116-130 (04-0X), E90/91 318-330xi (05-0X);1;64 31 6 946 629;;13,2;1;0;;;;
ALCO (Germany);MS-6305C;;Фильтр салона Угольный CUK 8430 ;BMW E87 116-130 (04-0X), E90/91 318-330xi (05-0X);1;64 31 6 946 628;;12,73;1;0;;;;
ALCO (Germany);MS-6307;;фильтр салона CU 2336  ;HUNDAI TUCSON;110;97133-2E200;;3,17;2;0;;;;
ALCO (Germany);MS-6311;;Фильтр салона   ;LAND ROVER Discovery lll (04-0X). RANGE ROVER lll/ Sport (05-0X);91;JKR500010;;4,25;2;0;;;;
ALCO (Germany);MS-6312;;Фильтр салона  (с активированным углем) CUK 3172  ;MB W221 S320-S65AMG (05-0X), C216 CL500-CL65AMG (06-0X);48;221 830 00 18;;7,43;3;0;;;;
ALCO (Germany);MS-6325;;Фильтр, воздух во внутренном пространстве   ;HONDA CIVIC VII Hatchback 1.8(6- 0) CIVIC VII Hatchback 2.2 CTDi(6- 0) CIVIC VII 1.3(6- 0);110;80292-SMG-E01;;4,82;1;0;;;;
ALCO (Germany);MS-6326;;Фильтр салона CU 2362  ;"HYUNDAI Grandeur (TG/HG) 3.3, 2.2CRDi (06-XX), Santa Fe (SM/CM) 2.7, 2.2CRDi (05-XX), Sonata V (NF) 2.0-3.3 /CRDi/VVTi (05-XX); KIA Magentis (MG) 2.0-2.7 /CRDi (05-XX)";70;97133-3K000;;5,97;1;0;;;;
ALCO (Germany);MS-6333;;Фильтр салона   ;LAND ROVER Freelander (00-08);18;CU2423 (JKR 100280);;6,8;1;0;;;;
ALCO (Germany);MS-6350;;Фильтр, воздух во внутренном пространстве   ;MMC Lancer 1.3-2.0 (04-0X), Outlander 2.0,2.4 (03-06);48;MR398288;;6,5;1;0;;;;
ALCO (Germany);MS-6360;;Фильтр салона CU2106-2  ;MMC Pajero Pinin (H6_W, H7_W);90;MR315172;;7,24;1;0;;;;
ALCO (Germany);MS-6375;;Фильтр, воздух во внутренном пространстве CU 2941-2  ;BMW E70 X5 3.0d-4.8is (07-0X);1;64 11 6 945 593;;13,31;2;0;;;;
ALCO (Germany);MS-6375C;;Фильтр, воздух во внутренном пространстве активированный уголь  ;BMW E70 X5 3.0d-4.8is (07-0X);51;64 11 6 945 594;;13,07;8;0;;;;
ALCO (Germany);MS-6376;;Фильтр салона CU 2141  ;MMC Outlander (07-XX);110;7803A004;;5,75;1;0;;;;
ALCO (Germany);MS-6386;НОВИНКА;Фильтр салона CU 1719 / SA 1141  ;CHEVROLET / DAEWOO Lacetti 1.4-1.8, 2.0D (04-XX), Nubira 1.6-1.8, 2.0D (00-XX);1;96554378;;7,41;1;0;;;;
ALCO (Germany);MS-6427;;Фильтр салона   ;MAZDA Tribute 2.0-3.0 (00-XX);1;E112-61-J6X;;7,52;5;0;;;;
ALCO (Germany);SP-0800/1;;Фильтр пневмосистемы (осушитель воздуха) TB 1374/3 x  ;Renault Midlum 135.08-270.16   00->. Scania 114 340-380 96->. 124 360-470 96->.  144 460-530 95->. 164 480-580 00->.  94 260-310 96->.(груз);12;138 45 49;;22,18;3;0;;;;
ALCO (Germany);SP-0800/4;;Патрон осушителя воздуха, пневматическая система   ;SCANI 4 - series 94 L/310(96- 0) 4 - series 94 D/260(96- 0) 4 - series 94 C/260(96- 0) 4 - series 94 G/220(98- 0) 4 - series 94 D/310(98- 0) 4 - series 94 G/260(98- 0) 4 - series 94 G/310(96- 0) 4 - series 94 C/310(96- 0) 4 - series 114 C/340(98- 0) 4 - s;12;81521026146;;39,27;10;0;;;;
ALCO (Germany);SP-0812;;Фильтр масляный W 719/5 (10) SCT = SM 107 ;AUDI 100 1.6-2.3 (82-94), 80 1.3-2.3 (83-96), 90 2.0-2.3 (87-91), A6 2.0 (94-97). VW Golf II,Golf III, Jetta II 1.0-2.0 (87-99), Passat 1.8-2.0 (88-96), Polo 1.0-1.3 (85-94), Transporter IV 1.8-2.0 (90-03), Vento 1.4-2.0 (91-98);24;056 115 561G;;2,33;31;0;;;;
ALCO (Germany);SP-0812/1;;Фильтр масляный W 719/5 (10) SCT = SM 107 ;AUDI 100 1.6-2.3 (82-94), 80 1.3-2.3 (83-96), 90 2.0-2.3 (87-91), A6 2.0 (94-97). VW Golf II,Golf III, Jetta II 1.0-2.0 (87-99), Passat 1.8-2.0 (88-96), Polo 1.0-1.3 (85-94), Transporter IV 1.8-2.0 (90-03), Vento 1.4-2.0 (91-98);24;056 115 561G;;2,07;41;0;;;;
ALCO (Germany);SP-0819;;Фильтр масляный W 817/80 SCT Nr =SM-124 ;KIA Sportage 2.0 TD 4 WD 97 ->MAZDA 323 2.0D 96 - 98, 626 2.0 D 84 - 87;24;RF0323802;;3,24;11;0;;;;
ALCO (Germany);SP-0827;;Фильтр масляный W 950/4 SCT Nr =SM-122 ;"VW Transporter IV (90-03), LT 28-35, 40-55 (78-91) 2,4D/TD, 2,5TDI (90-03); FORD Transit (90-0X)";12;074 115 561;;3,77;5;0;;;;
ALCO (Germany);SP-0839;;Фильтр масляный W 712/5  ;"SKODA Felicia (95-98); VW Golf (91-99)";24;030 115 561 AA;;1,62;14;0;;;;
ALCO (Germany);SP-0848;;Фильтр топливный WK 950/3  ;DAF 95XF 380-530 (97-02). (груз);12;390 092 00 01;;4,32;58;0;;;;
ALCO (Germany);SP-0856;;Фильтр масляный   ;Deutz;12;1173481;;3,95;12;0;;;;
ALCO (Germany);SP-0858;;Фильтр масляный W 920/7  ;SCANIA 112 H 112 H/280  81 - 86,  T 113 H T 113 H/320  90 - 96 (груз);24;173171;;2,69;7;0;;;;
ALCO (Germany);SP-0866;;Фильтр масляный W 940/1, W 940/81 SCT Nr =SM-133 ;TOYOTA Land Cruiser (74-96);12;15600-40010;;2,6;7;0;;;;
ALCO (Germany);SP-0870;;Фильтр топливный WK 962/7  ;Volvo FH 12 (93-06) (груз);12;8193841;;6,23;102;0;;;;
ALCO (Germany);SP-0875;;Фильтр топливный   ;THERMO KING (Холодильная установка) (груз);12;11-3692;;4,62;11;0;;;;
ALCO (Germany);SP-0892;;Фильтр масляный W 712/43 нов., W 712/1 ст., W 712/2 ст.  ;FORD Escort, Fiesta IV 1.3 95 - 02,   KA 1.0, 1.3  96 ->;24;"1026 285; 115-0941.00; 1E03-14302";;1,8;2;0;;;;
ALCO (Germany);SP-0900;;Фильтр масляный W 713/18  ;OPEL Astra 1.7D (91-99) GMC Suburban;24;650382;;2,12;2;0;;;;
ALCO (Germany);SP-0911;;Фильтр масляный W 815/80 SCT Nr =SM-121 ;MMC Galant IV 1.8, 2.0 (88-04), Lancer IV 1.3, 1.5 (88-03), Pagero II (90-95);36;MD031805;;2,34;20;0;;;;
ALCO (Germany);SP-0915;;Фильтр масляный W 940/25, W 940/13, W 940/44 SCT = SM 108 ;"AUDI 80, 90, 100, A4, A6 1.6-2.5TDi (-->00); VW Golf II, Jetta, Passat, Polo 1.6-1.9TD, LT31, LT40, LT55 (82-92); VOLVO 940 2.4D (90-94)";12;"068 115 561 (B,C); 028 115 561 E; 1257492";;2,09;20;0;;;;
ALCO (Germany);SP-0920;;Фильтр масляный W 940/1, W 940/81 SCT Nr =SM-133 ;TOYOTA Land Cruiser (74-96);12;15600-40010;;3,13;2;0;;;;
ALCO (Germany);SP-0925;;Фильтр масляный W 1114/80 SCT Nr =SM-120 ;"KIA Sportage (97-->); MAZDA 626 (83-87)";18;K71023902A;;3,77;7;0;;;;
ALCO (Germany);SP-0927;;Фильтр масляный   ;Landr Defender V=2.5Td5 (98->),Discovery II V=2.5Td5 (99->), Range  Rover;24;"""4434791; SE028030288A""";;2,66;4;0;;;;
ALCO (Germany);SP-0930;;Фильтр масляный W 719/15 SCT Nr =SM-111 ;BMW E30 (M10/20), E28 (M10) 520, 525 (84-87), E34 520, 525 (88-91);24;11 42 1 266 773;;2,48;23;0;;;;
ALCO (Germany);SP-0935;;Фильтр масляный W 719/41  ;OPEL Astra  F 1.7 TD (94-98), DAEWOO Espero  1.5 - 2.0 (95-99), Nexia 1.5, 1.8 (95-97), OPEL ASCONA C (85-88);24;20510935;;1,41;6;0;;;;
ALCO (Germany);SP-0945;;Фильтр масляный W 712/37  ;FORD  FOCUS  1.6 98 -> , MAZDA 121 III 1.2  96 ->;24;1 007 705;;1,93;5;0;;;;
ALCO (Germany);SP-0957;;Фильтр топливный WK 932/80  ;NISSAN Pick Up (D21) 2.5-2.7D (97-98), Terrano (D21) 2.7TD (89-96);12;16405-02N10;;4,78;12;0;;;;
ALCO (Germany);SP-0961;;Фильтр масляный W 814/80  ;HONDA Accord V,VI,VII 1.6,1.8,1.9,2.0,2.2 Type-R,2.3,3.0 (93-0X), Capa 1.5 (98-0X), Civic IV,V,VI 1.4,1.5,1.6,1.7 VTEC,1.8,2.0 Type-R (91-0X), CR-V 2.0 (99-0X), CRX 1.6 (92-98), FR-V 1.7,2.0 (05-0X), HR-V 1.6 (99-0X), Integra 1.8,2.0 Type-R (99-0X), Jazz ;24;"26300-35500; 15400 679 013; A M01-14300";;3,32;2;0;;;;
ALCO (Germany);SP-0966;;Фильтр топливный WK 842/2 SCT = ST 302 ;ALFA 145-164 1.9TD / 2.5TD (97-99). AUDI 100 2.0D / 2.4D (82-90). IVECO DAILY (84-0X). EUROCARGO 60-180 (91-0X).  OPEL ASTRA 1.7TD (91-98). CORSA 1.5-1.7D (87-00). FRONTERA 2.3-2.5TD (95-98). OMEGA B 2.5TD (94-03). VECTRA B 1.7TD (95-98). (груз);24;068 127 177;;2,47;24;0;;;;
ALCO (Germany);SP-0969;;Фильтр топливный WK 828 SCT Nr =ST-306 ;TOYOTA Camry 84-91, Carina 82-97, Corolla 83-00,Land Cruiser J7,J8,J9 84-->;12;23303-56040;;3,98;17;0;;;;
ALCO (Germany);SP-0970;;Фильтр топливный WK 940/11, WK 940/18 SCT Nr =ST-307 ;MAZDA 323 86-98, MPV 96-99, MMC Pajero 82-00 ,Galant 80-96;12;1456-23-570A;;4,75;54;0;;;;
ALCO (Germany);SP-0971;;Фильтр топливный WK 940/6 SCT Nr =ST-306 ;"FORD Maverick 2.7TD (93-98); NISSAN Bluebird (84-90), Primera (90-->), Patrol (88-->)";12;"YL4J 9155 BA; 16400-VB201";;3,72;5;0;;;;
ALCO (Germany);SP-0972;;Фильтр топливный WK 842/4 SCT Nr =ST-304 ;VW Jetta 84-91, LT 28 78-96, Passat 88-97, Vento 91-98, Golf 83-04.;24;191 127 401A, 1H0 127 401 C;;3,04;40;0;;;;
ALCO (Germany);SP-0979;;Фильтр масляный W 930/21 SCT = SM 174 ;AUDI 80, A4  2.4 (97-00), A6 2.6-2.8 (94-97), A8  2.8 (96-02). VW Passat 2.8 (96-00);24;078 115 561 D;;4,16;2;0;;;;
ALCO (Germany);SP-0980;SP-0980;Фильтр масляный W 940/25, W 940/13, W 940/44 SCT = SM 108 ;"AUDI 80, 90, 100, A4, A6 1.6-2.5TDi (-->00); VW Golf II, Jetta, Passat, Polo 1.6-1.9TD, LT31, LT40, LT55 (82-92); VOLVO 940 2.4D (90-94)";12;"068 115 561 (B,C); 028 115 561 E; 1257492";;3,06;2;0;;;;
ALCO (Germany);SP-0983;;Фильтр топливный   ;Ford Escort VI,VII (95-99),Fiesta III,IV (89->),Mondeo I,II (93-96),Orion III (90-93)  V=1.8D,Mazda 121 V=1.8D (96->);24;1E07-13-480;;4,97;5;0;;;;
ALCO (Germany);SP-0984;;Фильтр масляный WP 1045 SCT Nr =SK-810 ;"MMC Pajero 2.8TD (94-00); MITSUBISHI PAJERO (V60, V70) 3.2 D-DI (01-1X)";12;ME 013343;;6,92;3;0;;;;
ALCO (Germany);SP-0991;;Фильтр масляный W 68/80 SCT Nr =SM-106 ;TOYOTA Camry 1.8 - 2.2  86 - 01, Carina E 1.6 ,2.0  92 - 97, Corolla 1.3 - 1.6  92 - 00;24;08922-02003;;1,62;16;0;;;;
ALCO (Germany);SP-0994;;Фильтр масляный W 711/80 SCT Nr =SM-110 ;TOYOTA Lexus, Camry, Celica, Cressida, Crown, Hilux 2.4 4WD (89-06), TOYOTA Land Cruiser 2.4-4.0 J4, J7, J10, J12  (84-06), Previa 2.4   (90-00), Supra  3.0  (87-93);24;"15601-76009; 90915-20002";;2,79;97;0;;;;
ALCO (Germany);SP-1001;;Фильтр масляный W 67/1. W610/2 . W610/81  ;KIA Sportage (94-00), Mazda 626 (87-97), MMC Galant (89-92), Nissan Maxima (95-00);24;FE3R14302;;2,22;33;0;;;;
ALCO (Germany);SP-1002;;Фильтр масляный W 67/1 SCT Nr =SM-134 ;NISSAN 350Z (Z33) 3.5 (03-XX), Almera II (N16) 1.5-1.8 (00-XX), Almera Tino (V10) 1.8-2.0 (00-XX), Maxima QX (A33) 2.0-3.0 (00-XX), Micra (K12) 1.6 (05-XX), Murano (Z50) 3.5 (05-XX), Pathfinder (R50) 3.5 (00-04), Primera (P12) 1.6-2.0 (02-XX), Qashqai (J1;24;15208-9F600;;1,67;77;0;;;;
ALCO (Germany);SP-1004;;Фильтр масляный W 610/83 SCT Nr =SM-148 ;NISSAN Primera 2.0 (90-96), Sunny  III 2.0 (90-95), Micra 1.0-1.4 (92-0X);24;15208-53J00;;1,73;7;0;;;;
ALCO (Germany);SP-1006;;Фильтр масляный W 811/85 SCT Nr =SM-166 ;SUBARU FORESTER 2.0 (97-02). IMPREZA 1.6-2.0 (92-0X). LEGACY 1.8-3.0 (89-0X). OUTBACK 2.5-3.0 (00-09). TRIBECA 3.0 (05-0X).;24;15208-AA030;;2,76;14;0;;;;
ALCO (Germany);SP-1008;;Фильтр масляный W 67/81  ;DAEWOO Matiz (05-0X), DAIHATSU Coure (95-0X), Move (96-0X);24;15601-81402;;1,61;10;0;;;;
ALCO (Germany);SP-1009;;Фильтр масляный WP 920/80 SCT Nr =SK-802 ;ISUZU Trooper, Opel Frontera 95-98, Monterey 91-98, MAZDA 626 87-97;12;94430983;;6,4;2;0;;;;
ALCO (Germany);SP-1013;;Фильтр масляный W 1170  ;IVECO  P/PA 330-30H  84 - 92 (груз);6;1901604;;4,37;1;0;;;;
ALCO (Germany);SP-1017;;Фильтр масляный W 11 102/4  ;VOLVO FH12 340-500 (93-0X). FH16 470-520 (93-02). FL10 280-360 (85-98). FL12 380-420 (95-98). FL6 608-618 (85-00). FL7 230-290 (85-98). RENAULT KERAX 260-420 (97-0X). MAGNUM 385-560 (97-0X). MAJOR 340-420 (91-96). MANAGER 200-340 (91-96). PREMIUM 210-385 ;6;466634;;8,77;12;0;;;;
ALCO (Germany);SP-1018;;Фильтр масляный W 1160 SCT Nr = SM 147 ;MAN L 2000 10.145 LC 00 ->,   G 90 10.150 F  87 - 93  (груз);12;51055017160;;5,79;11;0;;;;
ALCO (Germany);SP-1025;;Фильтр масляный WP 1169  ;IVECO (92-->) (груз);6;1902102;;13,7;5;0;;;;
ALCO (Germany);SP-1027;;Фильтр топливный WK 845/5  ;BMW E36 318tds (95-00), E39 525tds (96-03);24;13 32 2 248 277;;4,38;6;0;;;;
ALCO (Germany);SP-1030;;Фильтр топливный WK 845/1 SCT = ST 354 ;Audi 100, A4 TDI (95->), A6 TDI (94->)VW Passat TDI (96-00)Volvo 850TDI, S70/V70 TDI, S80TDI;24;"028 127 435 A; 1270529";;7,64;20;0;;;;
ALCO (Germany);SP-1032;;Фильтр масляный   ;Nissan Pick-Up 2.7D Primera P10 2000D;24;15208-D9705;;2,44;1;0;;;;
ALCO (Germany);SP-1033;;Фильтр топливный WK 845/4  ;BMW E36 325td M51 (91-94), E34 525td/tds M51 (91-94);24;13 32 2 243 653;;8,84;5;0;;;;
ALCO (Germany);SP-1038;;Фильтр топливный WK 817 x, WK 817/3x, WK 819/3x SCT Nr =ST-309 ;MB W124 (85-95), W201 (83-93), W202 (93-01), W210 (95-03), W140 (91-98), Sprinter 2t-4t (96-06), T1 (89-96) SSANG YOUNG Korando 2.3D (88-06), Musso (95-06);24;001 092 23 01;;2,91;20;0;;;;
ALCO (Germany);SP-1041;;Фильтр топливный WK 853/3  ;VW Golf lV 97-04, Bora 98->, LT 28-46 96->, New Beetle 98->,Passat 00-> Audi A3 96->,A4 00->,A6 01-> Skoda Octavia 96->, SuperB02->;24;1J0 127 401;;3,64;19;0;;;;
ALCO (Germany);SP-1050;;Фильтр масляный   ;THERMO KING (Холодильная установка) (груз);12;11-5703;;5,25;14;0;;;;
ALCO (Germany);SP-1051;;Фильтр топливный   ;THERMO KING (Холодильная установка) (груз);12;11-5704;;9,28;3;0;;;;
ALCO (Germany);SP-1072;;Фильтр масляный W 712/43 нов., W 712/1 ст., W 712/2 ст.  ;FORD Escort, Fiesta IV 1.3 95 - 02,   KA 1.0, 1.3  96 ->;24;"1026 285; 115-0941.00; 1E03-14302";;3,02;3;0;;;;
ALCO (Germany);SP-1077;;Фильтр масляный W 714/4 SCT=SM 5056  ;MMC LANCER 1.3-1.6 (92-0X).;24;46423474;;2,21;2;0;;;;
ALCO (Germany);SP-1078;;Фильтр масляный W 830/1, W 830  ;FORD GALAXY 1.9 TDI 95 ->, SEAT IBIZA II 1.9 TDI 97 - 99VW Golf III 1.9 TDI  96 - 99, Passat 1.9 TDI  96 -01, Polo  1.9 TDI 96 - 98;12;028 115 561B;;3,25;3;0;;;;
ALCO (Germany);SP-1079;;Фильтр масляный W 67/80. W67/1 SCT Nr =SM-134 ;MAZDA 323 1.3 - 1.8  89 - 94, 626  III 1.6 - 2.0  87 - 92,  NISSAN PPRIMERA 1.8, 2.0  96-06, X-Trail 2.0 (01-06), Kia Sephia (96-06), Shuma (97-06);24;8FG1238029A;;1,67;25;0;;;;
ALCO (Germany);SP-1089;;Фильтр масляный W 930/20  ;LANDROVER Defender 2.5TDI,3.9V8 (90-98), Discovery 2.5TDI (94-98), 3.9,4.0 (98-0X), Range Rover 3.9,4.0,4.6 (94-02);24;ERR 3340;;3,2;2;0;;;;
ALCO (Germany);SP-1091;;Фильтр топливный WK 730/2  ;LAND ROVER DISCOVERY 2.5Td5 (99-0X). LAND ROVER FREELENDER 2.0DI (98-0X). VW GOLF IV 1.8T-2.3 (00-0X). T5 2.0 (03-0X). PHAETON 3.2-6.0 (02-0X).;24;BF8T-9155-AA;;7,33;2;0;;;;
ALCO (Germany);SP-1098;;Фильтр топливный WK 718/2  ;"MMC Carisma D (96-00); RENAULT Espace 2.2TD (96-00), Laguna D (93-01); VOLVO S40, V40 D (95-00)";24;"MR 355233; 7 701 039 703; 3087143-6";;4,95;3;0;;;;
ALCO (Germany);SP-1103;;Фильтр для охлаждающей жидкости WA 940/9  ;VOLVO FH12 340-460 (93-08). FH16 470-520 (93-08). FL12 380-420 (95-98). FM12 340-420 (98-05). FM7 250-290 (98-01). (груз);12;1661964;;10,18;5;0;;;;
ALCO (Germany);SP-1111;;Фильтр топливный WK 823  ;SEAT Ibiza, Cordoba (99-02),VW  Polo (96-01), Caddy II (95-04) 1,9D,SDI,TDI;20;6K0 127 401 G;;6,37;12;0;;;;
ALCO (Germany);SP-1116;;Фильтр топливный WK 842/13  ;MB A Class (98-01), Sprinter (00-06);20;611 090 08 52;;6,55;53;0;;;;
ALCO (Germany);SP-1117;;Фильтр масляный W 719/7  ;JAGUAR S-Type 4.0,4.2V8 (99-0X), XJ 4.0 (97-02), XK 8 4.0,4.2 (02-0X);24;96JV6714AA;;3,82;14;0;;;;
ALCO (Germany);SP-1135;;Фильтр масляный W 712/52 SCT = SM 836 ;"AUDI A2, SKODA Felicia, Fabia, Octavia 1.4-1.6 (96-->); SEAT Ibiza, Arosa, Cordoba; VW Polo, Bora, Golf IV, Lupo 1.0-1.6 (95-->)";24;030 115 561 AB;;2,31;4;0;;;;
ALCO (Germany);SP-1226;;Фильтр масляный 2-Stage Filtration  ;THERMO KING (Холодильная установка) (груз);12;11-7382;;7,88;60;0;;;;
ALCO (Germany);SP-1228;;Фильтр масляный W 930/26  ;"Kia Carnival ll 2.9 CRDi  (06-->); Hyundai Terracan 2.9 CRDi  (03-->)";24;"26300-42030; K 551 14 302";;5,23;4;0;;;;
ALCO (Germany);SP-1230;;Фильтр топливный WK 950/6  ;IVECO Euro Cargo 60-320 92->. Euro Star LD190-440 93->02., Euro Tech MP/MT180-440 92->. Euro Trakker MP190-720 93->.(груз);10;190 7539;;11,09;3;0;;;;
ALCO (Germany);SP-1240;;Фильтр топливный   ;FORD Transit 2.0 D, 2.4 D (00-->), Mondeo III 2.0 D (00-->);24;4032667;;11,2;1;0;;;;
ALCO (Germany);SP-1241;;Фильтр топливный WK 823/1 SCT = ST 325 ;AUDI A4 2.5TDI (97-06), A6 2.5TDI (97-04), A8 2.5TDI (97-02), Allroad 2.5TDI (00-06). SKODA SuperB 2.5TDI (02-06). VW Passat 2.5TDI (98-06);10;"059 127 401 E, C; 059 127 401 F, A";;7,23;14;0;;;;
ALCO (Germany);SP-1251;;Фильтр топливный WK 822/1  ;MB W163, W203, W461 M611, M612 (00-06);24;611 092 00 01;;5,66;17;0;;;;
ALCO (Germany);SP-1252;;Фильтр топливный   ;IVECO EuroTech MP MP 260 E 39 Y/PS(99- 0) EuroTech MP MP 440 E 39 TP(99- 0) EuroTech MP MP 440 E 39 TX/P(99- 0) EuroStar LD 190 E 39 P(99- 2) EuroStar LD 260 E 39 P(99- 2) EuroStar LD 440 E 39 T(99- 2) EuroTech MP MP 260 E 43 Y/PS(99- 2) EuroTech MP MP 44;12;503355292;;9,69;10;0;;;;
ALCO (Germany);SP-1256;;Фильтр топливный WK 853/13  ;FORD MONDEO 2.0 DI/TDDi/TDCi  (00-0X).;24;1116546;;7,68;10;0;;;;
ALCO (Germany);SP-1264;;Фильтр топливный WK 842/11 SCT =  ST 6068 ;AUDI A4 1.9TDI (00-06), A6 1.9TDI (00-06). LAND ROVER Defender 2.5Td5 (98-06), Discovery II 2.5Td5 (99-06). SKODA SuperB 1.9TDI (02-06). VW Passat 1.9TDI (98-06);24;8D0 127 435;;6,12;9;0;;;;
ALCO (Germany);SP-1266;;Фильтр топливный WK 940/2  ;SCANIA 4 94-124 (96-XX), P/G/R/T 230-420 (04-XX) (груз.);12;1411894;;5,76;11;0;;;;
ALCO (Germany);SP-1270;;Фильтр топливный WDK 11 102/1  ;RENAULT Premium Distribution 420.18D(0- 0) Premium Distribution 420.18(0- 0) Premium Route 420.18(0- 0) Premium Route 420.24(0- 0) Premium Route 420.26(0- 0) Premium Route 420.25(0- 0),VOLVO FM 9 FM 9/260(1- 0) FM 9 FM 9/300(1- 0) FM 9 FM 9/340(1- 0) FM 9;6;51.125.030.053;;14,48;5;0;;;;
ALCO (Germany);SP-1274;;Фильтр масляный W 830/3 / SM 5087  ;HYUNDAI Accent 1.5CRDi (02-10), Elantra 1.6CRDi-2.0CRDi (01-10), Matrix 1.5CRDi (01-10), Santa Fe 2.0CRDi (01-10),  Trajet 2.0CRDi (01-10), Tucson 2.0CRDi (04-10), KIA Carens II 2.0CRDi (02-10), Sportage 2.0CRDi (04-10);24;26310-27200;;4,71;5;0;;;;
ALCO (Germany);SP-1276;;Фильтр топливный WK 950/19  ;IVECO EuroCargo 60-190 (06-XX), Stralis AD/AS/AT/ES (02-XX), Trakker AD (05-XX) (груз.);24;2992662;;9;6;0;;;;
ALCO (Germany);SP-1278;;Фильтр топливный WK 8105  ;FORD Transit 2.0-2.4DI/TDE/TDCi (00-06);24;4386518;;10,31;6;0;;;;
ALCO (Germany);SP-1280;;Фильтр топливный   ;SUBARU LEGACY 2.5,3.0 (98-0X), OUTBACK 2.5,3.0 (00-0X);24;42072-AE000;;7,97;43;0;;;;
ALCO (Germany);SP-1281;;Фильтр топливный WK 713  ;VOLVO S60, S80, V70 2.4D/D5 (01-XX), XC90, XC70 2.4D/D5 (02-XX);18;8683212;;9,61;3;0;;;;
ALCO (Germany);SP-1282;;Фильтр топливный   ;AUDI A4/A6  2.0  TD (04-0X);24;8E0 127 401;;6,76;6;0;;;;
ALCO (Germany);SP-1283;;Фильтр масляный (центрифуга) 7,7  ;DAF 85 340-430  (98-00). 95 380-530 (97-02), 75 250-360 (01-0X) (груз);12;1310891;;9,82;6;0;;;;
ALCO (Germany);SP-1288;;Фильтр топливный WK 824/2  ;HYUNDAI Accent 1.5 CRDi (04-0X). H1 2.5CDRi (03-0X). MATRIX 1.5 CDRi (04-0X). KIA RIO 1.5 CDRi (05-0X).;24;31922-26910;;4,71;3;0;;;;
ALCO (Germany);SP-1290;;Фильтр топливный с присоединением для датчика уровня воды   ;FORD Tourneo Connect 1.8Di/TDCi (02-08), Transit Connect 1.8Di/TDCi (02-08);24;WK829/7 (1 342 601/2714-9155-BC);;9,82;8;0;;;;
ALCO (Germany);SP-1295;;Фильтр топливный WK822/3  ;MERCE G-CLASS (0- 5) G-CLASS Cabrio (0- 5) M-CLASS (1- 5) E-CLASS (3- 5);24;628 092 00 01;;8,84;3;0;;;;
ALCO (Germany);SP-1298;;Фильтр топливный WK 842/23 x  ;MERCE SPRINTER 3-t автобус (2- 6) SPRINTER 2-t фургон (0- 6) SPRINTER 2-t c бортовой платформой/ходовая часть (0- 6) SPRINTER 3-t фургон (2- 6) SPRINTER 3-t c бортовой платформой/ходовая часть (2- 6) SPRINTER 4-t автобус (0- 6) SPRINTER 4-t c бортовой пла;10;642 092 01 01;;11,49;20;0;;;;
ALCO (Germany);SP-1299;;Фильтр масляный W 1170/7 / SM 5770  ;IVECO EuroStar (93-02), EuroTech (98-XX), EuroTrakker (99-04), Stralis (02-XX), Trakker (04-XX) (груз.);6;2992544;;18,12;6;0;;;;
ALCO (Germany);SP-1300;;Фильтр топливный WK 1080/7 x  ;MB Actros 1996 1831 - 2003 2658 LS, AK (97-->) (груз);24;000 477 13 02;;19,13;5;0;;;;
ALCO (Germany);SP-1303;;Фильтр масляный для КПП М23х1,5 SCT = SM 5738 ;SCANIA 4 (95-0X) (груз);24;130 1696;;8,51;23;0;;;;
ALCO (Germany);SP-1306;;Фильтр масляный   ;NISSA,RENAU MODUS (4- 0) CLIO III (5- 0);24;200;;2,87;2;0;;;;
ALCO (Germany);SP-1308;;Фильтр топливный WK 842/19  ;JEEP Grand Cherokee 2.7CRD (01-06);24;6650920001;;7,68;11;0;;;;
ALCO (Germany);SP-1309;;Фильтр топливный WK 842/19  ;MB Sprinter (00-06), Vito (99-06);12;"611 092 01 01; 665 092 00 01";;8,07;5;0;;;;
ALCO (Germany);SP-1312;;Фильтр топливный WK 716/2 x  ;DAF 55 FA 55.180 B13(95- 0) 55 FA 55.180 B15(95- 0) 45 FA 45.180 B08(95- 0) 45 FA 45.180 B10(95- 0) 45 FA 45.180 B11(95- 0) 55 FA 55.210 B13(95- 0) 55 FA 55.210 B15(95- 0) 55 FAG 55.210 B 21(95- 0) 45 FA 45.210 B11(95- 0) 55 FA 55.230 B13(95- 0) 55 FA 55.;24;3286503;;6,08;8;0;;;;
ALCO (Germany);SP-1319;;Фильтр топливный   ;MMC Outlander (CW0#);24;1770A024;;6,7;1;0;;;;
ALCO (Germany);SP-1322;;Фильтр топливный WK 1080/7 x  ;MB Actros 1996 1831 - 2003 2658 LS, AK (97-->) (груз);24;000 477 13 02;;14,46;3;0;;;;
ALCO (Germany);SP-1333;;Фильтр топливный   ;MMC L200 2.5 DI-D (06-0X);12;1770A012;;7,58;1;0;;;;
ALCO (Germany);SP-1334;;Фильтр масляный W 1323  ;VW LT 28-35 II 2.8TDi (99-06), LT 28-46 II 2.8TDi (97-06);24;062 115 561 A;;4,2;5;0;;;;
ALCO (Germany);SP-1346;;Фильтр топливный WK8157  ;FORD Transit  2.5TDI (01-0X);1;4537951, 3C11-9176-AA;;12,44;4;0;;;;
ALCO (Germany);SP-1351;;Фильтр топливный WK 965  ;DAF 95XF 530 (97-02);1;3329289;;9,49;9;0;;;;
ALCO (Germany);SP-1354;;Фильтр топливный   ;MB CDI (04-1X);1;642 090 16 52;;16,28;22;0;;;;
ALCO (Germany);SP-2003;;Фильтр топливный WK 830, WK 830/7 SCT= ST 314 ;AUDI A4 1.6-2.8 (95-00), A6 1.8-3.0 (97-04). FORD Galaxy 2.0-2.8 (95-05). SEAT Alhambra 1.8T-2.8 (96-05). SKODA SuperB 1.8-2.8 (02-06). VW Golf ll 1.3-1.8 (83-91), Golf lll 1.4-2.9 (91-97), Jetta ll 1.3-1.8 (84-91), Passat 1.6-2.8 (88-96). BMW E30 316-325;24;1H0 201 511;;2,02;171;0;;;;
ALCO (Germany);SP-2004;;Фильтр топливный WK 834/1, WK 853 SCT = ST 315, ST 305 ;AUDI 100 2.3 (86-87), Coupe 2.0 (89-93), 80 1.8-2.0 (86-91), 90 2.0-2.2 (88-90), 100 2.3 (86-90), 80 1.6 (91-94), 100 S4 (94-94), A6 1.8-S6 (97-97);24;811 133 511 B;;4,46;91;0;;;;
ALCO (Germany);SP-2005;;Фильтр топливный WK 830/3  ;MB W123, W124, W201, W202 (80-00), W126 85-91;24;002 477 19 01;;5,2;17;0;;;;
ALCO (Germany);SP-2015;;Фильтр топливный WK 614/14 SCT Nr =ST-710 ;MAZDA 626 (87-97);24;F20120490;;2,68;52;0;;;;
ALCO (Germany);SP-2022;;Фильтр топливный WK 725, WK 830/5, WK 830/6 SCT = ST 320 ;AUDI 80 1.6-2.8 (90-94), A4 2.7 S4 (97-01), A6 1.8T S6 (97-->), A8 2.8 S8 (94-02), All Road 4.2 (02-->), V8 3.6-4.2 (88-94), Passat 4.8 W8 (01-->);24;441 201 511 C;;3,98;18;0;;;;
ALCO (Germany);SP-2023;;Фильтр топливный WK 516  ;BMW E30 316-318is (87-91), E36 316-318is (90-94), E34 540 (92-94), E32 740V8-750 (87-94), E31 840-850 (90-99);1;1332 1720 102;;6,27;7;0;;;;
ALCO (Germany);SP-2024;;Фильтр топливный WK 613  ;OPEL Omega, Record, Vectra 82-->NISSAN Maxima 89-->;24;818500;;2,14;232;0;;;;
ALCO (Germany);SP-2027;;Фильтр топливный WK 614/9  ;KIA Sephia 93-->MAZDA 323 89-->,626 87-92;24;0K20120490;;4,41;1;0;;;;
ALCO (Germany);SP-2029;;Фильтр топливный WK 614/1  ;MAZDA 626 (92-97), Xedos 6 (92-06);24;KLY520490;;5,28;6;0;;;;
ALCO (Germany);SP-2036;;Фильтр топливный WK 76/2 SCT Nr =ST-359 ;HONDA Accord (90-98), Civic (91-95);24;16010-SM4305;;4,89;22;0;;;;
ALCO (Germany);SP-2041;;Фильтр топливный WK 66 SCT Nr =ST-308/1 ;FORD Maverick 2.4i (96-98) ISUZU Trooper 2.6i (87-98)NISSAN Almera, Bluebird, Sunny, Primera, Praire, Patrol, TerranoNISSAN Maxima (A32) 2.0, 3.0 (95-00) 80-->;24;"1960 297; 16400-41B00; 16400-4М405";;1,79;675;0;;;;
ALCO (Germany);SP-2050;;Фильтр топливный   ;MMC 3000GT 3.0i V24 (92-06);24;MB658136;;5,4;5;0;;;;
ALCO (Germany);SP-2053;;Фильтр топливный WK 614/24 SCT Nr =ST-762 ;MMC Galant V (92-96), TOYOTA Carina E (92-97);24;23300-79335;;2,72;23;0;;;;
ALCO (Germany);SP-2059;;Фильтр топливный WK 711 SCT Nr =ST-347 ;SUBARU IMPREZA, LEGACY 89->99.;24;42072-AA010;;4,4;53;0;;;;
ALCO (Germany);SP-2062;;Фильтр топливный WK 614/8  ;SUZUKI VIATAR 1.6 / 2.0 / 2.5 (88-96). SUZUKI 1.6 (95-0X).;24;23300-75080;;4,34;2;0;;;;
ALCO (Germany);SP-2065;;Фильтр топливный WK 614/26 SCT Nr =ST-762 ;TOYOTA Carina E 1.6-2.0 (92-97). Avensis 1.6-2.0 (97-0X);24;23300-19425;;4,27;38;0;;;;
ALCO (Germany);SP-2066;;Фильтр топливный WK 614/25  ;TOYOTA Previa 2.4 4WD (90-00);24;23300-76070;;4,48;1;0;;;;
ALCO (Germany);SP-2071;;Фильтр топливный WK 614/24  ;TOYOTA Carina II 2.0 (87-92) Avensis 97-->,Camry 86-92;24;23300-19265;;3,06;20;0;;;;
ALCO (Germany);SP-2080;;Фильтр топливный WK 613/2  ;VW Passat, Transporter 90-96 Alfa Romeo 83-98, Lancia Thema (88-94), Rover 100, 200, 400, 45 (90-06);24;60801638;;3,83;10;0;;;;
ALCO (Germany);SP-2083;;Фильтр топливный WK 612/2  ;DAEWOO Espero (95-99), Nexia (95-97) Chevrolet Tahoe 99-->  Jaguar 91-->;24;25055129;;2,19;3;0;;;;
ALCO (Germany);SP-2084;;Фильтр топливный WK 68/1 SCT Nr =ST-346 ;HONDA Accord 2.2i, Civic 1.4-1.6i, CR-V 2.0, Shuttle 2.2-2.3 (94-->) ROVER 400 (95-00);24;16010-S01A30;;2,62;437;0;;;;
ALCO (Germany);SP-2085;;Фильтр топливный   ;MAZDA MX-5 1.6, 1.8 (90-98);24;B61P-20-490;;4,73;1;0;;;;
ALCO (Germany);SP-2092;;Фильтр топливный WK 614/15 SCT Nr =ST-362 ;MAZDA Xedos 9 2.0-2.5 (93-->) ,RX7 Wankel 92-->;24;JE 48-20490;;6,36;8;0;;;;
ALCO (Germany);SP-2097;;Фильтр топливный WK 618/1  ;RENAULT Laguna 1.8, 2.0, 3.0 (93-01), Safrane II 2.0, 2.5, 2.9 (96-00);24;7700820376;;6,15;1;0;;;;
ALCO (Germany);SP-2102;;Фильтр топливный   ;MMC Carisma 1.6, 1.8 (95-06);24;MB957348;;4,1;8;0;;;;
ALCO (Germany);SP-2103;;Фильтр топливный   ;LANDROVER Freelander 1.8i (98-00), ROVER 100/200/25/400/45 (90-0X);24;8-25121-150-0;;2,86;9;0;;;;
ALCO (Germany);SP-2106;;Фильтр топливный   ;KIA Sportage (94-03);24;OK03X-20-490A;;4,16;6;0;;;;
ALCO (Germany);SP-2110;;Фильтр топливный   ;FORD Probe ii (93-98), MAZDA 626, MX-6 (92->);24;FS11-20-490A;;4,28;6;0;;;;
ALCO (Germany);SP-2111;;Фильтр топливный WK 79  ;FORD Escort 90-99, Scorpio -->98, Transit 94-00;24;0122150;;2,46;15;0;;;;
ALCO (Germany);SP-2112;;Фильтр топливный WK 78/2  ;FORD Explorer 4.0 V6, Windstar 3.0 V6 (95-06);24;3321582;;3,91;14;0;;;;
ALCO (Germany);SP-2121;;Фильтр топливный WK 720  ;MB C, E, S, CL, CLK -Class W202, W203, W210, W220 (97-->);10;"002 477 31 01; 002 477 30 01";;19,81;8;0;;;;
ALCO (Germany);SP-2122;;Фильтр топливный WK 711/1  ;MB A Class A140, 160, 190 (97-->);24;002 477 38 01;;16,04;2;0;;;;
ALCO (Germany);SP-2130;;Фильтр топливный   ;FORD Focus 1.4-2.0 (98-04), Explorer 4.0 (98-03), Transit 1.8 (02-0X), Jaguar S-Type 2.5-4.0 (99-0X);24;3964918;;4,27;13;0;;;;
ALCO (Germany);SP-2131;;Фильтр топливный WK 55/1  ;HYUNDAY Accent (LC) 1.3-1.5 (00-0X);24;31911-25000;;6,42;2;0;;;;
ALCO (Germany);SP-2132;;Фильтр топливный WK 850  ;MMC Carisma 1.6, 1.8 (95-06);24;30817997;;6,24;9;0;;;;
ALCO (Germany);SP-2134;;Фильтр топливный   ;Audi,VW,Seat,Skoda;24;06X201511B;;2,89;6;0;;;;
ALCO (Germany);SP-2138;;Фильтр топливный WK 820  ;MB W169 A CDI (04-0X), W203 CDI (03-0X), W211 E CDI (02-0X), W639 CDI (03-0X), Vito CDI (03-0X), Smart 1.5CDI (04-0X);24;"646 092 00 01; 454 470 00 90";;7,91;39;0;;;;
ALCO (Germany);SP-2141;;Фильтр топливный WK 614/47 SCT = ST 365  ;Suzuki Grand Vitara V=1.6-2.0-2.5 V6 24V (98->);24;15410-65D00;;4,34;1;0;;;;
ALCO (Germany);SP-2142;;Фильтр топливный WK 532/1  ;BMW E46 316-330xi (00-05);1;13 32 7 512 019;;31,87;1;0;;;;
ALCO (Germany);SP-2143;;Фильтр топливный WK 511/2 SCT Nr =ST 487 ;FORD Fiesta V 1.25\1.3\1.4\1.6 (01-1X), Fusion 1.25\1.4\1.6 (02-1X), MAZDA 323 1.6 (03-1X);1;1140129;;3,63;2;0;;;;
ALCO (Germany);SP-2145;;Фильтр топливный   ;VOLVO XC 90 D5,T6,2.5T,3.2 (02-0X), XC70 2.5T (02-0X);24;30620512;;6,44;3;0;;;;
ALCO (Germany);SP-2147;;Фильтр топливный   ;Toyota Avensis (03->),Corolla (00->);24;23300-22030;;6,28;6;0;;;;
ALCO (Germany);SP-2148;;Фильтр топливный SCT=ST 762  ;TOYOTA AVENSIS 1.6-1.8 (00-03).;24;23300-22040;;6,59;24;0;;;;
ALCO (Germany);SP-2149;;Фильтр топливный WK 69  ;AUDI A3 1.6-2.0FSI (03-0X). SEAT ALTEA 1.8-2.0FSI (04-0X). LEON 2.0FSI (05-0X). TOLEDO 1.8-2.0FSI (05-0X). SKODA OCTAVIA 1.6-2.0 (04-0X). VW GOLF V 1.4-3.2 (03-0X). JETTA III 1.4-2.0 (05-0X).;24;1K0 201 051C;;8,19;1;0;;;;
ALCO (Germany);SP-2150;;Фильтр топливный WK 720/4 4 Bar ;AUDI A4 2.0-3.2 TFSI / FSI (04-0X). A6 3.2 FSI (04-0X).;12;4F0 201 511 C;;13,32;4;0;;;;
ALCO (Germany);SP-2151;;Фильтр топливный WK 720/3 SCT = ST 6084 ;AUDI A4 1.8T (02-0X). A6 2.4 / 4.2 (04-0X).;12;4F0201511B;;14,25;1;0;;;;
ALCO (Germany);SP-2155;;Фильтр топливный   ;BMW E53 X5 4.4-4.8is (02-06);1;16 12 6 754 016;;21,63;10;0;;;;
ALCO (Germany);SP-2156;;Фильтр топливный WK 69/2  ;AUDI TT Quattro 3.2 (06-0X), SEAT Cordoba,Ibiza,Leon 1.2,1.4,1.6 (05-0X);12;6Q0 201 051 A;;12,3;1;0;;;;
ALCO (Germany);SP-2158;;Фильтр топливный   ;MB Viano,Vito V=3.2-3.7 (03->);24;A6394770001;;11,2;5;0;;;;
ALCO (Germany);SP-2161;;Фильтр топливный   ;MAZDA 3 1.4-2.0 (03-0Х);24;Z60520490;;8,58;4;0;;;;
ALCO (Germany);SP-2163;;Фильтр топливный WK 614/24 x SCT= ST 6087  ;TOYOTA Camry V20 3.0 24V (96-01), Windom;24;23300-20040;;5,54;28;0;;;;
ALCO (Germany);SP-2164;;Фильтр топливный   ;TOYOTA Avensis 2.0 VVTi (00-03);12;23300-28020;;6,81;10;0;;;;
ALCO (Germany);SP-2165;;Фильтр топливный   ;TOYOTA Avensis (T22) 2.0 VVTi (00-03);24;23300-28010;;6,28;24;0;;;;
ALCO (Germany);SP-2167;;Фильтр топливный WK 612/3  ;Land Rover Frilender 1.8 (98-0X). Rover 100 1.1-1.4 (90-0X).;24;4801358;;5,1;6;0;;;;
ALCO (Germany);SP-2172;;Фильтр топливный   ;JEEP Grand Cherokee 4.0,4.7 (99-0X);24;52100283AD;;18,24;1;0;;;;
ALCO (Germany);SP-2176;;Фильтр топливный   ;JAGUAR XK 3.6-5.0 (06-XX);1;C2913476, 6W83-9B072-AD;;11,8;2;0;;;;
ALCO (Germany);TR-005;;Гидрофильтр АКПП H 1914/1 SCT- SG 1045 ;MB (W460.461.463) G230-320 (87-0X).;1;4602770195;;15,7;5;0;;;;
;;;;;;;;;;;;;;
